"Condition","ReadCode","MedCodeId","Term","SnomedCTConceptId","SnomedCTDescriptionId"
"Alcohol consumption","136..00","1221271018","Alcohol consumption","160573003","1221271018"
"Alcohol consumption","1361.00","291355016","Teetotaller","105542008","291355016"
"Alcohol consumption","1361.11","587231000006111","Non drinker alcohol","105542008","291352018"
"Alcohol consumption","1361.11","587231000006111","Non drinker alcohol","105542008","291352018"
"Alcohol consumption","1361.12","291352018","Non-drinker alcohol","105542008","291352018"
"Alcohol consumption","1361.12","291352018","Non-drinker alcohol","105542008","291352018"
"Alcohol consumption","1362.00","397729013","Trivial drinker - <1u/day","266917007","397729013"
"Alcohol consumption","1362.11","629821000006117","Drinks rarely","266917007","397729013"
"Alcohol consumption","1362.11","629821000006117","Drinks rarely","266917007","397729013"
"Alcohol consumption","1362.12","629811000006113","Occasional drinker","228276006","342318019"
"Alcohol consumption","1362.12","629811000006113","Occasional drinker","228276006","342318019"
"Alcohol consumption","1363.00","250312016","Light drinker - 1-2u/day","160575005","250312016"
"Alcohol consumption","1364.00","250313014","Moderate drinker - 3-6u/day","160576006","250313014"
"Alcohol consumption","1365.00","250314015","Heavy drinker - 7-9u/day","160577002","250314015"
"Alcohol consumption","1366.00","250316018","Very heavy drinker - >9u/day","160578007","250316018"
"Alcohol consumption","1367.00","250317010","Stopped drinking alcohol","160579004","250317010"
"Alcohol consumption","136a.00","1738341000000110","Increasing risk drinking","777631000000108","1738341000000110"
"Alcohol consumption","136b.00","342421016","Feels should cut down drinking","228362008","342421016"
"Alcohol consumption","136c.00","1738381000000119","Higher risk drinking","777651000000101","1738381000000119"
"Alcohol consumption","136d.00","1738421000000111","Lower risk drinking","777671000000105","1738421000000111"
"Alcohol consumption","136F.00","250331010","Spirit drinker","160588008","250331010"
"Alcohol consumption","136G.00","250332015","Beer drinker","160589000","250332015"
"Alcohol consumption","136H.00","250333013","Drinks beer and spirits","160590009","250333013"
"Alcohol consumption","136I.00","250334019","Drinks wine","160591008","250334019"
"Alcohol consumption","136J.00","47085011","Social drinker","28127009","47085011"
"Alcohol consumption","136K.00","250335018","Alcohol intake above recommended sensible limits","160592001","250335018"
"Alcohol consumption","136L.00","250340014","Alcohol intake within recommended sensible limits","160593006","250340014"
"Alcohol consumption","136M.00","217461000000118","Non - drinker","105542008","2659856015"
"Alcohol consumption","136N.00","342320016","Light drinker","228277002","342320016"
"Alcohol consumption","136O.00","73012011","Moderate drinker","43783005","73012011"
"Alcohol consumption","136P.00","144179014","Heavy drinker","86933000","144179014"
"Alcohol consumption","136Q.00","342322012","Very heavy drinker","228279004","342322012"
"Alcohol consumption","136R.00","342366014","Binge drinker","228315001","342366014"
"Alcohol consumption","136S.00","299061000000117","Hazardous alcohol use","198421000000108","299061000000117"
"Alcohol consumption","136T.00","299081000000114","Harmful alcohol use","198431000000105","299081000000114"
"Alcohol consumption","136W.00","606991000000117","Alcohol misuse","15167005","606991000000117"
"Alcohol consumption","136Y.00","342361016","Drinks in morning to get rid of hangover","228310006","342361016"
"Alcohol consumption","136Z.00","476411000006118","Alcohol consumption NOS","160573003","1221271018"
"Alcohol consumption","1B1c.00","2549849017","Alcohol induced hallucinations","417633001","2549849017"
"Alcohol consumption","2577.00","254305017","O/E - breath - alcohol smell","163184002","254305017"
"Alcohol consumption","2577.11","254306016","O/E - alcoholic breath","163184002","254306016"
"Alcohol consumption","388u.00","538891000000111","FAST (Fast Alcohol Screening Test) score","1084601000000102","2717721000000114"
"Alcohol consumption","38D3.00","408548014","Alcohol use disorders identification test score","443280005","2837707014"
"Alcohol consumption","38D4.00","1660411000006112","AUDIT-C (Alcohol Use Disorders Identification Test - Consumption) score","763256006","3638304015"
"Alcohol consumption","38D5.00","1659811000006114","Alcohol Use Disorders Identification Test - Piccinelli Consumption score","1087301000000103","2730501000000119"
"Alcohol consumption","66e..00","2474678017","Alcohol disorder monitoring","413130000","2474678017"
"Alcohol consumption","6892.00","476421000006114","Alcohol consumption screen","171208001","265301016"
"Alcohol consumption","68S..00","476431000006112","Alcohol consumption screening","171208001","265301016"
"Alcohol consumption","8CAv.00","739501000000112","Advised to contact primary care alcohol worker","375941000000101","739501000000112"
"Alcohol consumption","8IAF.00","1704281000006117","Brief intervention for excessive alcohol consumption declined","379411000000105","747421000000114"
"Alcohol consumption","8IAJ.00","750531000000113","Declined referral to specialist alcohol treatment service","380861000000109","750531000000113"
"Alcohol consumption","8IAt.00","1754191000006119","Extended intervention for excessive alcohol consumption declined","754831000000102","1660641000000118"
"Alcohol consumption","8IEA.00","1746481000000112","Referral to community alcohol team declined","781191000000101","1746481000000112"
"Alcohol consumption","9k1..00","236441000000113","Alcohol misuse enhanced services administration","166251000000100","1153251000000119"
"Alcohol consumption","9k11.00","2532939017","Alcohol consumption counselling","413473000","2532939017"
"Alcohol consumption","9k15.00","1590881000006113","Alcohol screen - alcohol use disorder identification test completed","285381000000108","492531000000113"
"Alcohol consumption","9k16.00","492591000000114","Alcohol screen - fast alcohol screening test completed","285411000000105","492591000000114"
"Alcohol consumption","9k17.00","1590901000006110","Alcohol screen - alcohol use disorder identification test consumption questions completed","285441000000106","492651000000119"
"Alcohol consumption","9k18.00","1590911000006113","Alcohol screen - alcohol use disorder identification test Piccinelli consumption questions completed","285991000000109","493841000000113"
"Alcohol consumption","E010.00","15243013","Alcohol withdrawal delirium","8635005","15243013"
"Alcohol consumption","E010.11","507053019","DTs - delirium tremens","8635005","507053019"
"Alcohol consumption","E010.12","15244019","Delirium tremens","8635005","15244019"
"Alcohol consumption","E013.00","294669014","Alcohol withdrawal hallucinosis","191476005","294669014"
"Alcohol consumption","E014.00","294671014","Pathological alcohol intoxication","191477001","294671014"
"Alcohol consumption","E014.11","294670010","Drunkenness - pathological","191477001","294670010"
"Alcohol consumption","E015.00","294672019","Alcoholic paranoia","191478006","294672019"
"Alcohol consumption","E01y000","294674018","Alcohol withdrawal syndrome","191480000","294674018"
"Alcohol consumption","E23..00","500478011","Alcohol dependence syndrome","66590003","500478011"
"Alcohol consumption","E23..11","12878014","Alcoholism","66590003","110629012"
"Alcohol consumption","E23..12","502017010","Alcohol problem drinking","7200002","502017010"
"Alcohol consumption","E230.00","295127018","Acute alcoholic intoxication in alcoholism","191802004","295127018"
"Alcohol consumption","E230.11","295126010","Alcohol dependence with acute alcoholic intoxication","191802004","295126010"
"Alcohol consumption","E230000","295128011","Acute alcoholic intoxication, unspecified, in alcoholism","191802004","295127018"
"Alcohol consumption","E230100","295129015","Continuous acute alcoholic intoxication in alcoholism","191804003","295129015"
"Alcohol consumption","E230200","295130013","Episodic acute alcoholic intoxication in alcoholism","191805002","295130013"
"Alcohol consumption","E230z00","295132017","Acute alcoholic intoxication in alcoholism NOS","191802004","295127018"
"Alcohol consumption","E231.00","110629012","Chronic alcoholism","66590003","110629012"
"Alcohol consumption","E231.11","502016018","Dipsomania","7200002","502016018"
"Alcohol consumption","E231000","295136019","Alcohol dependence","66590003","110628016"
"Alcohol consumption","E231100","295139014","Continuous chronic alcoholism","191811004","295139014"
"Alcohol consumption","E231200","295141010","Episodic chronic alcoholism","191812006","295141010"
"Alcohol consumption","E231z00","295143013","Chronic alcoholism NOS","66590003","110629012"
"Alcohol consumption","E23z.00","295144019","Alcohol dependence syndrome NOS","66590003","500478011"
"Alcohol consumption","E250.00","401797010","Nondependent alcohol abuse","268645007","401797010"
"Alcohol consumption","E250.11","346931015","Drunkenness","25702006","43083015"
"Alcohol consumption","E250.12","223671000000110","Hangover from alcohol","32553006","485256013"
"Alcohol consumption","E250.13","346930019","Inebriety NOS","25702006","43081018"
"Alcohol consumption","E250.14","769451000006111","Intoxication - alcohol","25702006","43083015"
"Alcohol consumption","E250000","295251015","Nondependent alcohol abuse, unspecified","268645007","401797010"
"Alcohol consumption","E250100","295252010","Nondependent alcohol abuse, continuous","191882002","295252010"
"Alcohol consumption","E250200","295253017","Nondependent alcohol abuse, episodic","191883007","295253017"
"Alcohol consumption","E250z00","295255012","Nondependent alcohol abuse NOS","268645007","401797010"
"Alcohol consumption","Eu10000","397611000006115","[X]Mental & behav dis due to use alcohol: acute intoxication","25702006","43081018"
"Alcohol consumption","Eu10011","362251000006117","Alcohol intoxication","25702006","43081018"
"Alcohol consumption","Eu10100","397881000006114","Alcohol abuse","15167005","25750014"
"Alcohol consumption","Eu10200","397801000006117","[X]Mental and behav dis due to use alcohol: dependence syndr","66590003","500478011"
"Alcohol consumption","Eu10211","362921000006118","[X]Alcohol addiction","66590003","500478011"
"Alcohol consumption","Eu10212","370971000006114","[X]Chronic alcoholism","66590003","110629012"
"Alcohol consumption","Eu10300","397811000006119","[X]Mental and behav dis due to use alcohol: withdrawal state","191480000","294674018"
"Alcohol consumption","Eu10400","397211000006118","[X]Men & behav dis due alcohl: withdrawl state with delirium","8635005","15243013"
"Alcohol consumption","Eu10411","376451000006113","[X]Delirium tremens, alcohol induced","8635005","15243013"
"Alcohol consumption","Eu10511","362951000006110","Alcoholic hallucinosis","7052005","1233279015"
"Alcohol consumption","Eu10512","362961000006112","[X]Alcoholic jealousy","42344001","70655012"
"Alcohol consumption","Eu10513","362971000006117","[X]Alcoholic paranoia","42344001","70655012"
"Alcohol consumption","Eu10800","315091000000117","Alcohol withdrawal-induced seizure","308742005","452061016"
"Alcohol consumption","Z191211","7613321000006119","Alcohol reduction programme","707166002","3028954019"
"Alcohol consumption","Z4B1.00","461112017","Alcoholism counselling","24165007","1206287010"
"Alcohol consumption","ZR1F.00","11928741000006114","Alcohol use disorders identification test","273265007","408548014"
"Alcohol consumption","ZR1F.11","5547231000006118","AUDIT - Alcohol use disorders identification test","273265007","408549018"
"Alcohol consumption","ZV11311","346501000006111","History of substance abuse","371422002","1196720012"
"Alcohol consumption","ZV6D600","461112017","Alcoholism counselling","24165007","1206287010"
"Care home residence","13F6100","250560019","Lives in a nursing home","160734000","250560019"
"Care home residence","13F7.00","1219123014","Residential institution","419955002","2576619011"
"Care home residence","13FK.00","1488625019","Lives in a residential home","394923006","1488625019"
"Care home residence","13FX.00","406371000000117","Lives in care home","248171000000108","406371000000117"
"Care home residence","13Zo.00","1063191000000117","Previously lived in care home","493751000000104","1063191000000117"
"Care home residence","8Ce4.00","1123481000000113","Preferred place of care - nursing home","505551000000102","1123481000000113"
"Care home residence","8Ce5.00","1158071000000114","Preferred place of care - residential home","883161000000106","2292021000000118"
"Care home residence","8Ce5.11","2277291000000116","Preferred place of care - care home","883161000000106","2277291000000116"
"Care home residence","8HE6.00","283813014","Delayed discharge to nursing home","183672007","283813014"
"Care home residence","8Hs..00","449801010","Discharge to nursing home","306694006","449801010"
"Care home residence","8Ht..00","1692851000000118","Admission to nursing home","763301000000108","1692851000000118"
"Care home residence","8O24.00","530521000000114","Provision of continuing care in nursing home","299701000000103","530521000000114"
"Care home residence","9493.00","284635010","Patient died in nursing home","184295002","284635010"
"Care home residence","949D.00","1552711000000110","Patient died in care home","698747008","2981330012"
"Care home residence","94Z5.00","138931000000114","Preferred place of death: nursing home","89761000000106","138931000000114"
"Care home residence","94ZC.00","1552771000000117","Preferred place of death: care home","710571000000101","1552771000000117"
"Care home residence","94ZE.00","1138771000000113","Preferred place of death: residential home","512071000000106","1138771000000113"
"Care home residence","9b0i.00","62101000000117","Residential home visit note","24631000000103","62101000000117"
"Care home residence","9b0Y.00","62241000000112","Nursing home visit note","24751000000101","62241000000112"
"Care home residence","9b1P.00","71184010","Nursing home","42665001","71184010"
"Care home residence","9b75.00","1488495017","Other voluntary or private hospital or nursing home","288573005","428253010"
"Care home residence","9b79.00","1488499011","Other residential care homes managed by local authority","288573005","428253010"
"Care home residence","9b7A.00","1488500019","Other residential care home man voluntary/private agents","288573005","428253010"
"Care home residence","9kw..00","2340151000000110","Care home enhanced services administration","910361000000105","2340151000000110"
"Care home residence","9N1G.00","285209012","Seen in nursing home","185218006","285209012"
"Care home residence","9NFR.00","1654061000000111","Home visit request by residential institution","751801000000106","1654061000000111"
"Care home residence","9NFW.00","2290511000000115","Care home visit","889311000000109","2290511000000115"
"Care home residence","9NFW000","2290551000000116","Care home visit for initial patient assessment","889331000000101","2290551000000116"
"Care home residence","9NFW100","2290591000000112","Care home visit for follow-up patient review","889351000000108","2290591000000112"
"Care home residence","M270100","1647741000000115","Nursing home acquired pressure ulcer","446262006","2883911013"
"Care home residence","T704.00","228041000006111","Place of occurrence of accident or poisoning, residential house","216318008","328386013"
"Care home residence","T77..00","226751000006110","Place of occurrence of accident or poisoning, residential institution","216422004","328499010"
"Care home residence","T77z.00","445801000006113","Accident/poisoning occurred in residential institution NOS","216422004","328499010"
"Care home residence","U105100","385631000006115","[X]Fall involvng wheelchair occurrence residential instit'n","17886000","30221011"
"Care home residence","U106100","385351000006118","[X]Fall involving bed occurrence in residential institution","20902002","35150012"
"Care home residence","U10B100","385831000006116","[X]Fall on + from ladder occurrn in residential institution","86591008","143597019"
"Care home residence","U10F100","332995014","[X]Fall from cliff, occurrence in residential institution","4521008","7785014"
"Care home residence","U10z100","333042017","[X]Unspecified fall, occurrence in residential institution","1912002","4301012"
"Care home residence","U124100","367771000006117","[X]Bitten/struck by dog occurrnce in residential institut'n","37383006","62367011"
"Care home residence","U193100","432191000006117","[X]Victim of lightning, occurrence in residential institution","217722008","329986014"
"Care home residence","U198100","334315019","[X]Victim of flood, occurrence in residential institution","420101009","2576643014"
"Care home residence","U1B3100","334550011","[X]Lack of food, occurrence in residential institution","217640002","329875011"
"Care home residence","U1B4100","334562010","[X]Lack of water, occurrence in residential institution","269703005","404239014"
"Care home residence","U321.00","365291000006115","[X]Assault by pesticides, occurrence in residential institution","420911000000103","804091000000118"
"Care home residence","U3K1.00","364141000006116","[X]Assault by bodily force occurrn in residential institut'n","52684005","87673015"
"Care home residence","Z177C00","8220191000006110","Residential care","719101000000105","1576961000000110"
"Care home residence","ZK63100","8115311000006118","Provision of residential social services care package","361711000000109","681701000000119"
"Care home residence","ZLG3.00","449798016","Discharge to residential home","306691003","449798016"
"Care home residence","ZLG3100","5959521000006119","Discharge to private residential home","306692005","449799012"
"Care home residence","ZLG3200","5959531000006116","Discharge to part III residential home","306693000","449800011"
"Care home residence","ZLG4.00","449801010","Discharge to nursing home","306694006","449801010"
"Care home residence","ZLG4100","5959551000006111","Discharge to private nursing home","306695007","449802015"
"Care home residence","ZV63212","1227760014","[V]Delayed discharge - nursing home vacancy awaited","183930009","284147017"
"Care home residence","ZV70H00","461172013","[V]Examination for admission to residential institutions","171390000","265575010"
"Early pregnancy loss","6776.12","1215839013","TOP counselling","10383002","1215839013"
"Early pregnancy loss","6776.13","1215840010","Termination counselling","10383002","1215840010"
"Early pregnancy loss","6776000","338611012","Post-termination counselling","225326008","338611012"
"Early pregnancy loss","6776100","338612017","Pre-termination counselling","225327004","338612017"
"Influenza vaccination","14b3.00","1136091000000113","History of influenza vaccination","473169009","2955980010"
"Influenza vaccination","14LJ.00","460150015","Influenza vaccine allergy","294647003","434938013"
"Influenza vaccination","2J63.00","1560361000000115","High priority for influenza A subtype H1N1 vaccination","711831000000107","1560361000000115"
"Influenza vaccination","65b..00","407721000000118","Haemophilus influenzae type B and meningitis C vaccination","428975001","1664081000000114"
"Influenza vaccination","65b0.00","1766771000006119","First Haemophilus influenzae type B and meningitis C vaccination","712834006","3285842011"
"Influenza vaccination","65b1.00","1766781000006116","Second Haemophilus influenzae type B and meningitis C vaccination","764141000000106","1694961000000116"
"Influenza vaccination","65E..00","142934010","Influenza vaccination","86198006","142934010"
"Influenza vaccination","65E0.00","308411000000113","First pandemic influenza vaccination","202301000000106","308411000000113"
"Influenza vaccination","65E1.00","308441000000114","Second pandemic influenza vaccination","202311000000108","308441000000114"
"Influenza vaccination","65E2.00","753841000000112","Influenza vaccination given by other healthcare provider","955641000000103","2437071000000113"
"Influenza vaccination","65E2000","1811611000006112","Seasonal influenza vaccination given by other healthcare provider","955651000000100","2437091000000112"
"Influenza vaccination","65E5.00","1724231000006113","CELVAPAN - first influenza A (H1N1v) 2009 vaccination given","515291000000105","1145841000000119"
"Influenza vaccination","65E6.00","1724241000006115","CELVAPAN - second influenza A (H1N1v) 2009 vaccination given","515321000000100","1145881000000110"
"Influenza vaccination","65E9.00","1724271000006111","PANDEMRIX - first influenza A (H1N1v) 2009 vaccination given","515281000000108","1145821000000114"
"Influenza vaccination","65EA.00","1724281000006114","PANDEMRIX - second influenza A (H1N1v) 2009 vaccination given","515301000000109","1145861000000118"
"Influenza vaccination","65ED.00","2142081000000112","Seasonal influenza vaccination","822851000000102","2142081000000112"
"Influenza vaccination","65ED000","2200881000000110","Seasonal influenza vaccination given by pharmacist","955691000000108","2437171000000112"
"Influenza vaccination","65ED200","1884481000006115","Seasonal influenza vaccination given while hospital inpatient","955701000000108","2437191000000111"
"Influenza vaccination","65EE.00","2244031000000119","Administration of intranasal influenza vaccination","868241000000109","2244031000000119"
"Influenza vaccination","65EE000","2252131000000112","Administration of first intranasal influenza vaccination","871751000000104","2252131000000112"
"Influenza vaccination","65EE100","2252191000000113","Administration of second intranasal influenza vaccination","871781000000105","2252191000000113"
"Influenza vaccination","6797000","2348481000000113","Education about influenza vaccination","913961000000102","2348481000000113"
"Influenza vaccination","68NE000","2244651000000119","No consent for seasonal influenza vaccination","868491000000103","2244651000000119"
"Influenza vaccination","68Nr.00","749241000000111","Consent given for pandemic influenza vaccination","380271000000101","749241000000111"
"Influenza vaccination","68Ns.00","1724311000006111","No consent for influenza A (H1N1v) 2009 vaccination","515371000000101","1145981000000115"
"Influenza vaccination","68Nt.00","1158771000000112","Consent given for influenza A subtype H1N1 vaccination","518961000000102","1158771000000112"
"Influenza vaccination","68Nu.00","1149291000000110","No response to influenza vaccination invitation","516101000000103","1149291000000110"
"Influenza vaccination","68NV000","2142381000000114","Consent given for seasonal influenza vaccination","822991000000104","2142381000000114"
"Influenza vaccination","8BQ1.00","2395701000000111","Long term indication for seasonal influenza vaccination","935351000000106","2395701000000111"
"Influenza vaccination","8I23100","1907171000006110","Haemophilus influenzae type b and meningitis C vaccination contraindicated","897331000000109","2308551000000112"
"Influenza vaccination","8I2d.00","749991000000113","Pandemic influenza vaccination contraindicated","380631000000100","749991000000113"
"Influenza vaccination","8I2F.00","1484830012","Influenza vaccination contraindicated","390796006","1484830012"
"Influenza vaccination","8I2F000","2142301000000116","Seasonal influenza vaccination contraindicated","822951000000107","2142301000000116"
"Influenza vaccination","8I6D.00","2159174015","Influenza vaccination not indicated","407573008","2159174015"
"Influenza vaccination","8I6D000","2142341000000118","Seasonal influenza vaccination not indicated","822971000000103","2142341000000118"
"Influenza vaccination","8I6g.00","750401000000118","Pandemic influenza vaccination not indicated","380801000000105","750401000000118"
"Influenza vaccination","8IA4.00","1627301000006114","Haemophilus influenzae type B and meningitis C vaccination declined","299161000000100","529081000000112"
"Influenza vaccination","8IAG.00","749451000000113","Pandemic influenza vaccination declined","380381000000108","749451000000113"
"Influenza vaccination","8ME..00","1756791000000118","Influenza vaccination requested","736818002","3525144014"
"Influenza vaccination","9N4q.00","301281000000110","Did not attend flu vaccination appointment","199331000000106","301281000000110"
"Influenza vaccination","9N4q000","1551781000000113","Did not attend influenza A virus subtype H1N1 vaccination","710151000000101","1551781000000113"
"Influenza vaccination","9N4q100","1886551000006116","Did not attend first intranasal seasonal influenza vaccination","882181000000108","2275211000000115"
"Influenza vaccination","9N4q200","1886561000006119","Did not attend first intranasal pandemic influenza vaccination","886071000000108","2283541000000111"
"Influenza vaccination","9N4q300","1886571000006114","Did not attend second intranasal seasonal influenza vaccination","882141000000100","2275131000000115"
"Influenza vaccination","9N4z300","1742151000006117","Did not attend haemophilus influenzae type B and meningitis C vaccination","519421000000105","1159761000000110"
"Influenza vaccination","9OX..11","17131000000110","Flu vaccination administration","714801000000104","1567091000000111"
"Influenza vaccination","9OX1.00","285858017","Has 'flu vaccination at home","185900003","285858017"
"Influenza vaccination","9OX2.00","285859013","Has'flu vaccination at surgery","185901004","285859013"
"Influenza vaccination","9OX3.00","816791000006117","Has influenza vaccination at hospital","185902006","285861016"
"Influenza vaccination","9OX5.00","460159019","Influenza vaccination declined","315640000","460159019"
"Influenza vaccination","9OX5000","1660601000000116","Influenza A virus subtype H1N1 vaccination declined","698950001","2981921011"
"Influenza vaccination","9OX5100","2142261000000114","Seasonal influenza vaccination declined","822931000000100","2142261000000114"
"Influenza vaccination","9OX5200","2251621000000112","First intranasal influenza vaccination declined","871521000000104","2251621000000112"
"Influenza vaccination","9OX5300","2251661000000116","Second intranasal influenza vaccination declined","871541000000106","2251661000000116"
"Influenza vaccination","9OX5400","2283331000000110","First intranasal seasonal influenza vaccination declined","885971000000103","2283331000000110"
"Influenza vaccination","9OX5500","2283371000000112","First intranasal pandemic influenza vaccination declined","885991000000104","2283371000000112"
"Influenza vaccination","9OX5600","2283411000000111","Second intranasal seasonal influenza vaccination declined","886011000000103","2283411000000111"
"Influenza vaccination","9OX5700","2283461000000113","Second intranasal pandemic influenza vaccination declined","886031000000106","2283461000000113"
"Influenza vaccination","9OX6.00","460160012","Influenza vaccination invitation letter sent","315641001","460160012"
"Influenza vaccination","9OX7.00","2533631013","Invitation by telephone for influenza vaccination","737041000","3526434010"
"Influenza vaccination","9OX7000","2225021000000117","Influenza vaccination first telephone invitation","1095821000000105","2744651000000113"
"Influenza vaccination","9OX7100","2225061000000113","Influenza vaccination second telephone invitation","1095831000000107","2744671000000116"
"Influenza vaccination","9OX7200","2225181000000117","Influenza vaccination third telephone invitation","1095841000000103","2744691000000117"
"Influenza vaccination","9OX8.00","2549468013","Has influenza vaccination at work","416928007","2549468013"
"Influenza vaccination","9OX9.00","304131000000118","Influenza vaccination invitation first letter sent","200481000000107","304131000000118"
"Influenza vaccination","9OXA.00","304161000000111","Influenza vaccination invitation second letter sent","200491000000109","304161000000111"
"Influenza vaccination","9OXB.00","304191000000117","Influenza vaccination invitation third letter sent","200501000000103","304191000000117"
"Influenza vaccination","9OXC.00","1755651000006115","Influenza vaccination invitation short message service text message sent","711301000000108","1555071000000111"
"Influenza vaccination","9OXC100","1770291000006119","Influenza vaccination invitation first short message service text message sent","777791000000102","1738691000000111"
"Influenza vaccination","9OXC200","1770301000006118","Influenza vaccination invitation second short message service text message sent","777831000000109","1738801000000117"
"Influenza vaccination","9OXC300","1770311000006115","Influenza vaccination invitation third short message service text message sent","777851000000102","1738861000000118"
"Influenza vaccination","9OXD.00","1686591000000110","Influenza vaccination verbal invitation","761311000000109","1686591000000110"
"Influenza vaccination","9OXD000","2224941000000112","Influenza vaccination first verbal invitation","860151000000103","2224941000000112"
"Influenza vaccination","9OXD100","2224981000000116","Influenza vaccination second verbal invitation","860171000000107","2224981000000116"
"Influenza vaccination","9OXD200","2225221000000110","Influenza vaccination third verbal invitation","860291000000101","2225221000000110"
"Influenza vaccination","9OXE.00","2191791000000112","Influenza vaccination invitation email","844941000000103","2191791000000112"
"Influenza vaccination","9OXE000","2191831000000117","Influenza vaccination invitation first email","844961000000102","2191831000000117"
"Influenza vaccination","9OXE100","2191871000000115","Influenza vaccination invitation second email","844981000000106","2191871000000115"
"Influenza vaccination","9OXE200","2191911000000118","Influenza vaccination invitation third email","845001000000101","2191911000000118"
"Influenza vaccination","F034G00","296887012","Post influenza vaccination encephalitis","192721000","296887012"
"Influenza vaccination","U60K400","931801000006112","Influenza virus vaccine adverse reaction","420113004","2578720016"
"Influenza vaccination","ZV04800","460224014","Influenza vaccine needed","1411000119106","2916683016"
"Influenza vaccination","ZV04811","1227545013","[V]Flu - influenza vaccination","1411000119106","2916683016"
"Influenza vaccination","ZV14F00","2159195013","[V]Personal history of influenza vaccine allergy","294647003","434938013"
"Menopause","12F9.00","250055010","FH: Late menopause","160398001","250055010"
"Menopause","14P6.00","251895018","H/O: hormone replacement (HRT)","161652003","251895018"
"Menopause","1512.00","251993014","Menopause","289903006","2921079019"
"Menopause","151J.00","37994016","Premenopausal state","20016009","33691013"
"Menopause","151K.00","127040019","Postmenopausal state","76498008","127040019"
"Menopause","1583.00","811301000006115","H/O: postmenopausal bleeding","161788002","252102013"
"Menopause","44x2.00","2474450014","Menopausal profile","412894004","2474450014"
"Menopause","66U..00","401545018","Menopause monitoring","268530007","401545018"
"Menopause","66U..11","397164010","Hormone replacement therapy","266717002","397164010"
"Menopause","66U1.00","264954016","Menopause initial assessment","170949004","264954016"
"Menopause","66U2.00","264955015","Menopause follow-up assessment","170950004","264955015"
"Menopause","66U3.00","264956019","Menopause symptoms present","170951000","264956019"
"Menopause","66U4.00","264957011","Luteinising hormone and follicle stimulating hormone checked","148176006","3039281010"
"Menopause","66U5.00","264958018","Menopause: bone density check","170953002","264958018"
"Menopause","66U6.00","264959014","HRT contraindicated","170954008","264959014"
"Menopause","66U7.00","264960016","HRT started","170955009","264960016"
"Menopause","66U8.00","264961017","HRT side-effects","170956005","264961017"
"Menopause","66U9.00","264962012","HRT changed","170957001","264962012"
"Menopause","66UA.00","264963019","HRT stopped","170958006","264963019"
"Menopause","66UB.00","264965014","HRT: unopposed oestrogen","170959003","264965014"
"Menopause","66UC.00","829001000006113","HRT: combined oestrogen/progestogen","170960008","264966010"
"Menopause","66UD.00","264968011","Menopause: dietary advice","170961007","264968011"
"Menopause","66UE.00","264969015","Menopause sexual education","170962000","2575669011"
"Menopause","66UF.00","706231000006111","Menopause education","313207002","2575999016"
"Menopause","66UG.00","458709016","Hormone replacement therapy refused","763323007","3638552012"
"Menopause","66UH.00","1485017016","Hormone replacement therapy bleed pattern - normal","390988005","1485017016"
"Menopause","66UI.00","1485018014","Hormone replacement therapy bleed pattern - abnormal","390989002","1485018014"
"Menopause","66UJ.00","1485019018","Hormone replacement therapy bleed pattern - not relevant","390990006","1485019018"
"Menopause","66UK.00","1485020012","Hormone replacement therapy bleed pattern - no bleeding","390991005","1485020012"
"Menopause","66UL.00","1485021011","Years on hormone replacement therapy","390992003","1485021011"
"Menopause","66UZ.00","264973017","Menopause monitoring NOS","268530007","401545018"
"Menopause","67I1.00","457065017","Advice about the menopause","313207002","457065017"
"Menopause","8B64.11","827831000006115","Hormone implant replacement therapy","278856006","415880010"
"Menopause","8B64.12","828961000006117","HRT prophylaxis","266717002","397164010"
"Menopause","C163111","214501000006117","Premature menopause","373717006","1212173013"
"Menopause","C163400","587831000000117","Early menopause","373717006","1212173013"
"Menopause","K171.00","216381000006114","Postmenopausal atrophic urethritis","21237001","480963019"
"Menopause","K171.11","216391000006112","Post menopausal urethritis","21237001","480961017"
"Menopause","K59B.00","2534105016","Postmenopausal postcoital bleeding","415149004","2534105016"
"Menopause","K5A..00","397100015","Menopausal and postmenopausal disorders","266677000","397100015"
"Menopause","K5A..11","221331000000115","Postmenopausal disorders","266677000","397100015"
"Menopause","K5A0.00","146604018","Premenopausal menorrhagia","386692008","1480833015"
"Menopause","K5A0.11","146606016","Climacteric menorrhagia","386692008","1480833015"
"Menopause","K5A1.00","127423017","Postmenopausal bleeding","76742009","127423017"
"Menopause","K5A2.00","706121000006115","Female climacteric state","198435007","305089018"
"Menopause","K5A2000","305090010","Menopausal flushing","198436008","305090010"
"Menopause","K5A2011","828351000006118","Menopausal hot flushes","198436008","305091014"
"Menopause","K5A2100","305092019","Menopausal sleeplessness","198437004","305092019"
"Menopause","K5A2200","305093012","Menopausal headache","198438009","305093012"
"Menopause","K5A2300","305094018","Menopausal concentration lack","198439001","305094018"
"Menopause","K5A2z00","305095017","Menopausal symptoms NOS","170951000","264956019"
"Menopause","K5A3.00","87265016","Postmenopausal atrophic vaginitis","52441000","87265016"
"Menopause","K5A4.00","484851015","Artificial menopause state","31351009","484851015"
"Menopause","K5A5.00","2159950019","Perimenopausal atrophic vaginitis","408386002","2159950019"
"Menopause","K5A6.00","1629301000006115","Perimenopausal menorrhagia","386692008","1480833015"
"Menopause","K5Ay.00","305097013","Other menopausal and postmenopausal states","266607004","396793012"
"Menopause","K5Az.00","305098015","Menopausal and postmenopausal disorder NOS","266677000","397100015"
"Menopause","Kyu9F00","305262018","Perimenopausal disorder","266607004","396793012"
"Menopause","M211000","559061000006114","Climacteric keratoderma","201054008","308878010"
"Menopause","N063.00","129259017","Climacteric arthritis","77888002","129259017"
"Menopause","N063.11","129260010","Menopausal arthritis","77888002","129260010"
"Menopause","N063000","310095012","Climacteric arthritis of unspecified site","77888002","129259017"
"Menopause","N063100","310096013","Climacteric arthritis of the shoulder region","201977006","310096013"
"Menopause","N063200","310097016","Climacteric arthritis of the upper arm","201977006","310096013"
"Menopause","N063300","310098014","Climacteric arthritis of the forearm","77888002","129259017"
"Menopause","N063400","310099018","Climacteric arthritis of the hand","201980007","310099018"
"Menopause","N063500","310100014","Climacteric arthritis of the pelvic region and thigh","201981006","310100014"
"Menopause","N063700","310102018","Climacteric arthritis of the ankle and foot","201983009","310102018"
"Menopause","N063800","310103011","Climacteric arthritis of other specified site","77888002","129259017"
"Menopause","N063900","310104017","Climacteric arthritis of multiple sites","201985002","310104017"
"Menopause","N063z00","310105016","Climacteric arthritis NOS","77888002","129259017"
"Menopause","N330200","54058015","Postmenopausal osteoporosis","102447009","165682016"
"Menopause","N331B00","312165013","Postmenopausal osteoporosis with pathological fracture","203453001","312165013"
"Menopause","ZG61.00","457065017","Advice about the menopause","313207002","457065017"
"Pregnancy disorders: hypertension in pregnancy, eclampsia and pre-eclampsia","L12..00","790051000006114","Hypertension complicating pregnancy, childbirth and the puerperium","198941007","305749016"
"Pregnancy disorders: hypertension in pregnancy, eclampsia and pre-eclampsia","L120.00","504831000006116","Benign essential hypertension complicating pregnancy, childbirth and the puerperium","198942000","305750016"
"Pregnancy disorders: hypertension in pregnancy, eclampsia and pre-eclampsia","L120000","504811000006110","Benign essential hypertension in preg/childb/puerp unspec","86041002","142647015"
"Pregnancy disorders: hypertension in pregnancy, eclampsia and pre-eclampsia","L120100","504791000006111","Benign essential hypertension complicating pregnancy, childbirth and the puerperium - delivered","198944004","305752012"
"Pregnancy disorders: hypertension in pregnancy, eclampsia and pre-eclampsia","L120300","504821000006119","Benign essential hypertension complicating pregnancy, childbirth and the puerperium - not delivered","198946002","305754013"
"Pregnancy disorders: hypertension in pregnancy, eclampsia and pre-eclampsia","L120400","504781000006113","Benign essential hypertension complicating pregnancy, childbirth and the puerperium with postnatal complication","198947006","305755014"
"Pregnancy disorders: hypertension in pregnancy, eclampsia and pre-eclampsia","L120z00","504801000006112","Benign essential hypertension in preg/childb/puerp NOS","86041002","142647015"
"Pregnancy disorders: hypertension in pregnancy, eclampsia and pre-eclampsia","L121.00","176971000006117","Renal hypertension complicating pregnancy, childbirth and the puerperium","198949009","305757018"
"Pregnancy disorders: hypertension in pregnancy, eclampsia and pre-eclampsia","L121000","176961000006112","Renal hypertension in pregnancy/childbirth/puerp unspecified","198949009","305757018"
"Pregnancy disorders: hypertension in pregnancy, eclampsia and pre-eclampsia","L121100","176951000006110","Renal hypertension complicating pregnancy, childbirth and the puerperium - delivered","198951008","305759015"
"Pregnancy disorders: hypertension in pregnancy, eclampsia and pre-eclampsia","L121200","176931000006115","Renal hypertension complicating pregnancy, childbirth and the puerperium - delivered with postnatal complication","198952001","305760013"
"Pregnancy disorders: hypertension in pregnancy, eclampsia and pre-eclampsia","L121300","176941000006113","Renal hypertension complicating pregnancy, childbirth and the puerperium - not delivered","198953006","305761012"
"Pregnancy disorders: hypertension in pregnancy, eclampsia and pre-eclampsia","L121z00","176981000006119","Renal hypertension in pregnancy/childbirth/puerperium NOS","198949009","305757018"
"Pregnancy disorders: hypertension in pregnancy, eclampsia and pre-eclampsia","L122.00","305764016","Other pre-existing hypertension in preg/childbirth/puerp","86041002","142647015"
"Pregnancy disorders: hypertension in pregnancy, eclampsia and pre-eclampsia","L122000","19451000006111","Other pre-existing hypertension in preg/childb/puerp unspec","86041002","142647015"
"Pregnancy disorders: hypertension in pregnancy, eclampsia and pre-eclampsia","L122100","19431000006116","Other pre-existing hypertension in preg/childb/puerp - deliv","86041002","142647015"
"Pregnancy disorders: hypertension in pregnancy, eclampsia and pre-eclampsia","L122300","19421000006119","Other pre-exist hypertension in preg/childb/puerp-not deliv","86041002","142647015"
"Pregnancy disorders: hypertension in pregnancy, eclampsia and pre-eclampsia","L122400","19411000006110","Other pre-exist hypertension in preg/childb/puerp + p/n comp","86041002","142647015"
"Pregnancy disorders: hypertension in pregnancy, eclampsia and pre-eclampsia","L122z00","19441000006114","Other pre-existing hypertension in preg/childb/puerp NOS","86041002","142647015"
"Pregnancy disorders: hypertension in pregnancy, eclampsia and pre-eclampsia","L123.00","95981000006112","Transient hypertension of pregnancy","237279007","355621014"
"Pregnancy disorders: hypertension in pregnancy, eclampsia and pre-eclampsia","L123000","305773012","Transient hypertension of pregnancy unspecified","237279007","355621014"
"Pregnancy disorders: hypertension in pregnancy, eclampsia and pre-eclampsia","L123100","305774018","Transient hypertension of pregnancy - delivered","198965005","305774018"
"Pregnancy disorders: hypertension in pregnancy, eclampsia and pre-eclampsia","L123200","96011000006114","Transient hypertension of pregnancy - delivered with postnatal complication","198966006","305775017"
"Pregnancy disorders: hypertension in pregnancy, eclampsia and pre-eclampsia","L123300","305776016","Transient hypertension of pregnancy - not delivered","198967002","305776016"
"Pregnancy disorders: hypertension in pregnancy, eclampsia and pre-eclampsia","L123400","96001000006111","Transient hypertension of pregnancy with postnatal complication","198968007","305777013"
"Pregnancy disorders: hypertension in pregnancy, eclampsia and pre-eclampsia","L123600","355621014","Transient hypertension of pregnancy","237279007","355621014"
"Pregnancy disorders: hypertension in pregnancy, eclampsia and pre-eclampsia","L123z00","305780014","Transient hypertension of pregnancy NOS","237279007","355621014"
"Pregnancy disorders: hypertension in pregnancy, eclampsia and pre-eclampsia","L127.00","305818015","Pre-eclampsia or eclampsia with pre-existing hypertension","198997005","305818015"
"Pregnancy disorders: hypertension in pregnancy, eclampsia and pre-eclampsia","L127000","213011000006113","Pre-eclampsia or eclampsia with hypertension unspecified","198997005","305818015"
"Pregnancy disorders: hypertension in pregnancy, eclampsia and pre-eclampsia","L127100","212991000006114","Pre-eclampsia or eclampsia with pre-existing hypertension - delivered","198999008","305820017"
"Pregnancy disorders: hypertension in pregnancy, eclampsia and pre-eclampsia","L127200","212981000006111","Pre-eclampsia or eclampsia with pre-existing hypertension - delivered with postnatal complication","199000005","305821018"
"Pregnancy disorders: hypertension in pregnancy, eclampsia and pre-eclampsia","L127300","213001000006110","Pre-eclampsia or eclampsia with pre-existing hypertension - not delivered","199002002","305823015"
"Pregnancy disorders: hypertension in pregnancy, eclampsia and pre-eclampsia","L127400","212971000006113","Pre-eclampsia or eclampsia with pre-existing hypertension with postnatal complication","199003007","305824014"
"Pregnancy disorders: hypertension in pregnancy, eclampsia and pre-eclampsia","L127z00","212961000006118","Pre-eclampsia or eclampsia + pre-existing hypertension NOS","198997005","305818015"
"Pregnancy disorders: hypertension in pregnancy, eclampsia and pre-eclampsia","L128.00","213111000006112","Pre-existing hypertension complicating pregnancy, childbirth and puerperium","199005000","305826011"
"Pregnancy disorders: hypertension in pregnancy, eclampsia and pre-eclampsia","L128000","213091000006115","Pre-existing hypertensive heart disease complicating pregnancy, childbirth and the puerperium","199006004","305827019"
"Pregnancy disorders: hypertension in pregnancy, eclampsia and pre-eclampsia","L128200","213081000006118","Pre-existing secondary hypertension complicating pregnancy, childbirth and puerperium","199008003","305829016"
"Pregnancy disorders: hypertension in pregnancy, eclampsia and pre-eclampsia","L12B.00","494622019","Proteinuric hypertension of pregnancy","398254007","1786188019"
"Pregnancy disorders: hypertension in pregnancy, eclampsia and pre-eclampsia","L12z.00","76691000006119","Unspecified hypertension in pregnancy/childbirth/puerperium","198941007","305749016"
"Pregnancy disorders: hypertension in pregnancy, eclampsia and pre-eclampsia","L12z000","76671000006115","Unspecified hypertension in preg/childb/puerp unspecified","48194001","80299016"
"Pregnancy disorders: hypertension in pregnancy, eclampsia and pre-eclampsia","L12z100","76631000006118","Pregnancy-induced hypertension","48194001","80299016"
"Pregnancy disorders: hypertension in pregnancy, eclampsia and pre-eclampsia","L12z200","76651000006113","Unspecified hypertension in preg/childb/puerp -del +p/n comp","199015006","305837012"
"Pregnancy disorders: hypertension in pregnancy, eclampsia and pre-eclampsia","L12z300","76641000006111","Unspecified hypertension in preg/childb/puerp - not deliv","48194001","80299016"
"Pregnancy disorders: hypertension in pregnancy, eclampsia and pre-eclampsia","L12z400","76681000006117","Unspecified hypertension in preg/childb/puerp with p/n comp","199018008","305841011"
"Pregnancy disorders: hypertension in pregnancy, eclampsia and pre-eclampsia","L12zz00","76661000006110","Unspecified hypertension in preg/childb/puerp NOS","48194001","80299016"
"Pregnancy disorders: hypertension in pregnancy, eclampsia and pre-eclampsia","L16C.00","213861000006116","Pregnancy induced oedema+proteinuria without hypertension","199139003","306010018"
"Pregnancy disorders: hypertension in pregnancy, eclampsia and pre-eclampsia","Lyu1.00","403581000006112","[X]Oedema, proteinuria and hypertensive disorders in pregnancy, childbirth and the puerperium","198609003","305277014"
"Smoking status","137..11","137721000006115","Smoker - amount smoked","266918002","397730015"
"Smoking status","1371.00","397732011","Never smoked tobacco","266919005","397732011"
"Smoking status","1371.11","14866014","Non-smoker","8392000","14866014"
"Smoking status","1372.00","88471000006112","Trivial cigarette smoker (less than one cigarette/day)","266920004","397735013"
"Smoking status","1372.11","397733018","Occasional smoker","428041000124106","2717161000000119"
"Smoking status","1373.00","743331000006116","Light cigarette smoker (1-9 cigs/day)","160603005","250358015"
"Smoking status","1374.00","700121000006118","Moderate cigarette smoker (10-19 cigs/day)","160604004","250359011"
"Smoking status","1375.00","819331000006110","Heavy cigarette smoker (20-39 cigs/day)","160605003","250360018"
"Smoking status","1376.00","67621000006112","Very heavy cigarette smoker (40+ cigs/day)","160606002","250362014"
"Smoking status","1377.00","250363016","Ex-trivial cigarette smoker (<1/day)","266921000","397736014"
"Smoking status","1378.00","250364010","Ex-light cigarette smoker (1-9/day)","266922007","397737017"
"Smoking status","1379.00","250365011","Ex-moderate cigarette smoker (10-19/day)","266923002","397738010"
"Smoking status","137A.00","250366012","Ex-heavy cigarette smoker (20-39/day)","266924008","397739019"
"Smoking status","137b.00","1488577017","Ready to stop smoking","394872000","1488577017"
"Smoking status","137B.00","250367015","Ex-very heavy cigarette smoker (40+/day)","266925009","397740017"
"Smoking status","137c.00","1488576014","Thinking about stopping smoking","394871007","1488576014"
"Smoking status","137C.00","250368013","Keeps trying to stop smoking","160612007","250368013"
"Smoking status","137d.00","1488578010","Not interested in stopping smoking","394873005","1488578010"
"Smoking status","137e.00","2670126018","Smoking restarted","308438006","2670126018"
"Smoking status","137f.00","1780360012","Reason for restarting smoking","401159003","1780360012"
"Smoking status","137F.00","250371017","Ex-smoker - amount unknown","8517006","15047015"
"Smoking status","137G.00","250372012","Trying to give up smoking","160616005","250372012"
"Smoking status","137h.00","2474719011","Minutes from waking to first tobacco consumption","413173009","2474719011"
"Smoking status","137H.00","136515019","Pipe smoker","82302008","136515019"
"Smoking status","137j.00","418914010","Ex-cigarette smoker","281018007","418914010"
"Smoking status","137J.00","99639019","Cigar smoker","59978006","99639019"
"Smoking status","137K.00","250373019","Stopped smoking","160617001","250373019"
"Smoking status","137K000","1151791000000117","Recently stopped smoking","517211000000106","1151791000000117"
"Smoking status","137l.00","1059701000000119","Ex roll-up cigarette smoker","492191000000103","1059701000000119"
"Smoking status","137L.00","250374013","Current non-smoker","160618006","250374013"
"Smoking status","137m.00","1592611000000110","Failed attempt to stop smoking","446172000","2882460017"
"Smoking status","137M.00","250375014","Rolls own cigarettes","160619003","250375014"
"Smoking status","137N.00","649831000006117","Ex-pipe smoker","160620009","250376010"
"Smoking status","137O.00","649821000006115","Ex-cigar smoker","160621008","250377018"
"Smoking status","137P.00","108938018","Cigarette smoker","65568007","108938018"
"Smoking status","137P.11","128130017","Smoker","77176002","128130017"
"Smoking status","137Q.00","2669652019","Smoking started","266929003","2669652019"
"Smoking status","137Q.11","137791000006118","Smoking restarted","308438006","2670126018"
"Smoking status","137R.00","503483019","Current smoker","77176002","503483019"
"Smoking status","137S.00","649841000006110","Ex-smoker","8517006","15047015"
"Smoking status","137T.00","250385010","Date ceased smoking","160625004","250385010"
"Smoking status","137V.00","216212011","Smoking reduced","134406006","216212011"
"Smoking status","13p..00","1484932017","Smoking cessation milestones","390900001","1484932017"
"Smoking status","13p0.00","1484933010","Negotiated date for cessation of smoking","390901002","1484933010"
"Smoking status","13p1.00","1484934016","Smoking status at 4 weeks","390902009","1484934016"
"Smoking status","13p2.00","1484935015","Smoking status between 4 and 52 weeks","390903004","1484935015"
"Smoking status","13p3.00","1484936019","Smoking status at 52 weeks","390904005","1484936019"
"Smoking status","13p4.00","1488873010","Smoking free weeks","395177003","1488873010"
"Smoking status","13p5.00","1773560017","Smoking cessation programme start date","401160008","1773560017"
"Smoking status","13p5000","1563081000000115","Practice based smoking cessation programme start date","712971000000108","1563081000000115"
"Smoking status","13p6.00","2534083012","Carbon monoxide reading at 4 weeks","413753009","2534083012"
"Smoking status","13p7.00","1708051000000119","Smoking status at 12 weeks","766931000000106","1708051000000119"
"Smoking status","13p8.00","1716141000000117","Lost to smoking cessation follow-up","768971000000109","1716141000000117"
"Smoking status","38DH.00","408878014","Fagerstrom Test for Nicotine Dependence total score","762991003","3637499017"
"Smoking status","6791.00","818061000006111","Smoking cessation education","225323000","2575784012"
"Smoking status","67H6.00","1125741000000111","Brief intervention for smoking cessation","506491000000102","1125741000000111"
"Smoking status","745H.00","492511000000117","Smoking cessation therapy","710081004","3043296015"
"Smoking status","745H000","482791000000119","Nicotine replacement therapy using nicotine patch","790121000000107","1766431000000116"
"Smoking status","745H100","482811000000118","Nicotine replacement therapy using nicotine gum","280801000000101","482811000000118"
"Smoking status","745H200","482831000000114","Nicotine replacement therapy using nicotine inhalator","280811000000104","482831000000114"
"Smoking status","745H300","482851000000119","Nicotine replacement therapy using nicotine lozenge","790131000000109","1766451000000111"
"Smoking status","745H400","482771000000118","Smoking cessation drug therapy","713700008","3297364011"
"Smoking status","745Hy00","482871000000111","Other specified smoking cessation therapy","710081004","3043296015"
"Smoking status","745Hz00","489931000000114","Smoking cessation therapy NOS","710081004","3043296015"
"Smoking status","8B2B.00","457286014","Nicotine replacement therapy","313396002","457286014"
"Smoking status","8B3f.00","1484937011","Nicotine replacement therapy provided free","390905006","1484937011"
"Smoking status","8B3Y.00","459524018","Over the counter nicotine replacement therapy","315055008","459524018"
"Smoking status","8BP3.00","998861000006112","Nicotine replacement therapy provided by community pharmacist","200211000000104","303471000000110"
"Smoking status","8CAg.00","303501000000115","Smoking cessation advice provided by community pharmacist","200221000000105","303501000000115"
"Smoking status","8CAL.00","338608011","Smoking cessation advice","225323000","338608011"
"Smoking status","8CdB.00","1750931000000118","Stop smoking service opportunity signposted","783011000000105","1750931000000118"
"Smoking status","8H7i.00","1489355012","Referral to smoking cessation advisor","395700008","1489355012"
"Smoking status","8HBM.00","1123541000000118","Stop smoking face to face follow-up","505581000000108","1123541000000118"
"Smoking status","8HBP.00","2203381000000113","Smoking cessation 12 week follow-up","850331000000104","2203381000000113"
"Smoking status","8HkQ.00","1715591000006117","Referral to National Health Service stop smoking service","505281000000106","1122921000000113"
"Smoking status","8HTK.00","459722017","Referral to stop-smoking clinic","315232003","459722017"
"Smoking status","8I2I.00","1488870013","Nicotine replacement therapy contraindicated","395174005","1488870013"
"Smoking status","8I2J.00","1488871012","Bupropion contraindicated","395175006","1488871012"
"Smoking status","8IAj.00","1176421000000118","Smoking cessation advice declined","527151000000107","1176421000000118"
"Smoking status","9km..00","1123951000000110","Ex-smoker annual review - enhanced services administration","505761000000105","1154471000000114"
"Smoking status","9km..11","1154471000000114","Ex-smoker annual review","505761000000105","1154471000000114"
"Smoking status","9kn..00","1123751000000113","Non-smoker annual review - enhanced services administration","505681000000109","1154431000000112"
"Smoking status","9kn..11","1154431000000112","Non-smoker annual review","505681000000109","1154431000000112"
"Smoking status","9ko..00","1714541000006110","Current smoker annual review - enhanced services admin","505651000000103","1152111000000118"
"Smoking status","9ko..11","1152111000000118","Current smoker annual review","505651000000103","1152111000000118"
"Smoking status","9N2k.00","1780273014","Seen by smoking cessation advisor","401068004","1780273014"
"Smoking status","9NS0200","1709641000000115","Referral for smoking cessation service offered","767641000000109","1709641000000115"
"Smoking status","E023.00","150398019","Nicotine withdrawal","90755006","150398019"
"Smoking status","E251.00","102951000006115","Tobacco dependence","89765005","2951656017"
"Smoking status","E251300","295259018","Tobacco dependence in remission","191889006","295259018"
"Smoking status","E251z00","295260011","Tobacco dependence NOS","89765005","2951656017"
"Smoking status","ZG23300","4939251000006118","Advice on smoking","225323000","2695629019"
"Smoking status","ZRaM.00","5553301000006112","Motives for smoking scale","273632007","409167012"
"Smoking status","ZRao.00","5553641000006116","Occasions for smoking scale","273657002","409204012"
"Smoking status","ZRBm200","1672841000006118","Fagerstrom test for nicotine dependence","1672841000006102","1672841000006118"
"Smoking status","ZRBm200","11928931000006120","Fagerstrom test for nicotine dependence","273453005","408878014"
"Smoking status","ZRBm211","5550551000006111","FTND - Fagerstrom test for nicotine dependence","273453005","408879018"
"Smoking status","ZRh4.00","5555231000006111","Reasons for smoking scale","273738001","409335016"
"Smoking status","ZRh4.11","5555241000006118","RFS - Reasons for smoking scale","273738001","409336015"
"Smoking status","ZV11600","298701000000114","History of tobacco use","8517006","15047015"
"Smoking status","ZV4K000","460828018","Tobacco user","110483000","175325014"
"Smoking status","ZV6D800","461114016","Counselling about tobacco use","711028002","3047058010"
