"Condition","Prodcode","Gemscriptcode","ProductName","Aurum"
"Painful conditions",107,"65732020","Phenytoin 25mg capsule","MULTIPLY_ProdcodeID_painful_conditions"
"Painful conditions",202,"55605020","Phenobarbital 15mg/5ml elixir","MULTIPLY_ProdcodeID_painful_conditions"
"Painful conditions",209,"66215020","Primidone 250mg/5ml oral suspension","MULTIPLY_ProdcodeID_painful_conditions"
"Painful conditions",432,"59758020","Carbamazepine 100mg tablets","MULTIPLY_ProdcodeID_painful_conditions"
"Painful conditions",584,"69070020","Sodium valproate 200mg gastro-resistant tablets","MULTIPLY_ProdcodeID_painful_conditions"
"Painful conditions",596,"60388020","Carbamazepine 100mg/5ml oral suspension sugar free","MULTIPLY_ProdcodeID_painful_conditions"
"Painful conditions",652,"59760020","Carbamazepine 400mg tablets","MULTIPLY_ProdcodeID_painful_conditions"
"Painful conditions",660,"68252020","Gabapentin 100mg capsules","MULTIPLY_ProdcodeID_painful_conditions"
"Painful conditions",790,"88034020","Pregabalin 25mg capsules","MULTIPLY_ProdcodeID_painful_conditions"
"Painful conditions",795,"80221020","Topiramate 15mg capsules","MULTIPLY_ProdcodeID_painful_conditions"
"Painful conditions",819,"88038020","Pregabalin 75mg capsules","MULTIPLY_ProdcodeID_painful_conditions"
"Painful conditions",1157,"66214020","Primidone 250mg tablets","MULTIPLY_ProdcodeID_painful_conditions"
"Painful conditions",1158,"59759020","Carbamazepine 200mg tablets","MULTIPLY_ProdcodeID_painful_conditions"
"Painful conditions",1370,"65736020","Phenytoin 100mg capsule","MULTIPLY_ProdcodeID_painful_conditions"
"Painful conditions",1398,"54769020","Epanutin 100mg capsules (Pfizer Ltd)","MULTIPLY_ProdcodeID_painful_conditions"
"Painful conditions",1399,"59037020","Phenobarbital 60mg tablets","MULTIPLY_ProdcodeID_painful_conditions"
"Painful conditions",1550,"69212020","Sodium valproate 200mg/5ml oral solution","MULTIPLY_ProdcodeID_painful_conditions"
"Painful conditions",1559,"61487020","Clonazepam 500microgram tablets","MULTIPLY_ProdcodeID_painful_conditions"
"Painful conditions",1576,"59036020","Phenobarbital 30mg tablets","MULTIPLY_ProdcodeID_painful_conditions"
"Painful conditions",1584,"68253020","Gabapentin 300mg capsules","MULTIPLY_ProdcodeID_painful_conditions"
"Painful conditions",2062,"55594020","Phenytoin sodium 100mg tablets","MULTIPLY_ProdcodeID_painful_conditions"
"Painful conditions",2073,"61488020","Clonazepam 2mg tablets","MULTIPLY_ProdcodeID_painful_conditions"
"Painful conditions",2077,"3520007","TEGRETOL liq 100 MG/5ML LIQ","MULTIPLY_ProdcodeID_painful_conditions"
"Painful conditions",2079,"66061020","Lamotrigine 25mg tablets","MULTIPLY_ProdcodeID_painful_conditions"
"Painful conditions",2080,"66059020","Lamotrigine 50mg tablets","MULTIPLY_ProdcodeID_painful_conditions"
"Painful conditions",2081,"75707020","Lamotrigine 5mg dispersible tablets sugar free","MULTIPLY_ProdcodeID_painful_conditions"
"Painful conditions",2082,"69797020","Epilim 200mg/5ml liquid (Sanofi)","MULTIPLY_ProdcodeID_painful_conditions"
"Painful conditions",2085,"54570020","Tegretol 200mg tablets (Novartis Pharmaceuticals UK Ltd)","MULTIPLY_ProdcodeID_painful_conditions"
"Painful conditions",2128,"65733020","Phenytoin 50mg capsule","MULTIPLY_ProdcodeID_painful_conditions"
"Painful conditions",2388,"72634020","Carbamazepine 200mg modified-release tablets","MULTIPLY_ProdcodeID_painful_conditions"
"Painful conditions",2782,"55593020","Phenytoin sodium 50mg tablets","MULTIPLY_ProdcodeID_painful_conditions"
"Painful conditions",2821,"71955020","Vigabatrin 500mg tablets","MULTIPLY_ProdcodeID_painful_conditions"
"Painful conditions",2822,"69792020","Epilim ec 500mg Gastro-resistant tablet (Sanofi)","MULTIPLY_ProdcodeID_painful_conditions"
"Painful conditions",2823,"72792020","Tegretol retard 200mg Modified-release tablet (Novartis Pharmaceuticals UK Ltd)","MULTIPLY_ProdcodeID_painful_conditions"
"Painful conditions",2824,"72793020","Tegretol retard 400mg Modified-release tablet (Novartis Pharmaceuticals UK Ltd)","MULTIPLY_ProdcodeID_painful_conditions"
"Painful conditions",3068,"65738020","Phenytoin 300mg capsule","MULTIPLY_ProdcodeID_painful_conditions"
"Painful conditions",3107,"74925020","Epilim Chrono 500 tablets (Sanofi)","MULTIPLY_ProdcodeID_painful_conditions"
"Painful conditions",3108,"60918020","Ethosuximide 250mg capsules","MULTIPLY_ProdcodeID_painful_conditions"
"Painful conditions",3109,"3839007","CLOBAZAM 5 MG TAB","MULTIPLY_ProdcodeID_painful_conditions"
"Painful conditions",3110,"61431020","Clobazam 10mg capsules","MULTIPLY_ProdcodeID_painful_conditions"
"Painful conditions",3111,"61432020","Clobazam 10mg tablets","MULTIPLY_ProdcodeID_painful_conditions"
"Painful conditions",3225,"59573020","Phenobarbital sodium 30mg tablet","MULTIPLY_ProdcodeID_painful_conditions"
"Painful conditions",3350,"69071020","Sodium valproate 500mg gastro-resistant tablets","MULTIPLY_ProdcodeID_painful_conditions"
"Painful conditions",3446,"52336020","Zarontin 250mg capsules (Pfizer Ltd)","MULTIPLY_ProdcodeID_painful_conditions"
"Painful conditions",3569,"72635020","Carbamazepine 400mg modified-release tablets","MULTIPLY_ProdcodeID_painful_conditions"
"Painful conditions",3731,"69791020","Epilim ec 200mg Gastro-resistant tablet (Sanofi)","MULTIPLY_ProdcodeID_painful_conditions"
"Painful conditions",3733,"74924020","Epilim Chrono 300 tablets (Sanofi)","MULTIPLY_ProdcodeID_painful_conditions"
"Painful conditions",3734,"74923020","Epilim Chrono 200 tablets (Sanofi)","MULTIPLY_ProdcodeID_painful_conditions"
"Painful conditions",3845,"69211020","Sodium valproate 200mg/5ml oral solution sugar free","MULTIPLY_ProdcodeID_painful_conditions"
"Painful conditions",3881,"54768020","Epanutin 50mg capsules (Pfizer Ltd)","MULTIPLY_ProdcodeID_painful_conditions"
"Painful conditions",3882,"5544007","EPANUTIN + PHENOBARB CAP","MULTIPLY_ProdcodeID_painful_conditions"
"Painful conditions",3886,"79266020","Lamotrigine 200mg tablets","MULTIPLY_ProdcodeID_painful_conditions"
"Painful conditions",4066,"54571020","Tegretol 400mg tablets (Novartis Pharmaceuticals UK Ltd)","MULTIPLY_ProdcodeID_painful_conditions"
"Painful conditions",4175,"53429020","Epanutin 30mg/5ml oral suspension (Pfizer Ltd)","MULTIPLY_ProdcodeID_painful_conditions"
"Painful conditions",4195,"69793020","Epilim 100mg crushable tablets (Sanofi)","MULTIPLY_ProdcodeID_painful_conditions"
"Painful conditions",4456,"50594020","Mysoline 250mg Tablet (AstraZeneca UK Ltd)","MULTIPLY_ProdcodeID_painful_conditions"
"Painful conditions",4480,"2050007","PRIMIDONE 200 MG TAB","MULTIPLY_ProdcodeID_painful_conditions"
"Painful conditions",4483,"85907020","Clonazepam 2.5mg/ml drops sugar free","MULTIPLY_ProdcodeID_painful_conditions"
"Painful conditions",4490,"65737020","Phenytoin 30mg/5ml oral suspension","MULTIPLY_ProdcodeID_painful_conditions"
"Painful conditions",4495,"69796020","Epilim 200mg/5ml syrup (Sanofi)","MULTIPLY_ProdcodeID_painful_conditions"
"Painful conditions",4496,"59040020","Phenobarbital 100mg tablet","MULTIPLY_ProdcodeID_painful_conditions"
"Painful conditions",4502,"69210020","Sodium valproate 100mg tablets","MULTIPLY_ProdcodeID_painful_conditions"
"Painful conditions",4585,"71956020","Vigabatrin 500mg oral powder sachets sugar free","MULTIPLY_ProdcodeID_painful_conditions"
"Painful conditions",4586,"66211020","Lamictal 25mg tablets (GlaxoSmithKline UK Ltd)","MULTIPLY_ProdcodeID_painful_conditions"
"Painful conditions",4781,"68254020","Gabapentin 400mg capsules","MULTIPLY_ProdcodeID_painful_conditions"
"Painful conditions",4913,"54576020","Tegretol 100mg/5ml liquid (Novartis Pharmaceuticals UK Ltd)","MULTIPLY_ProdcodeID_painful_conditions"
"Painful conditions",4982,"72800020","Carbamazepine 100mg chewable tablets sugar free","MULTIPLY_ProdcodeID_painful_conditions"
"Painful conditions",5076,"66060020","Lamotrigine 100mg tablets","MULTIPLY_ProdcodeID_painful_conditions"
"Painful conditions",5221,"52159020","Gabapentin 600mg tablets","MULTIPLY_ProdcodeID_painful_conditions"
"Painful conditions",5439,"59035020","Phenobarbital 15mg tablets","MULTIPLY_ProdcodeID_painful_conditions"
"Painful conditions",5449,"78886020","Oxcarbazepine 300mg tablets","MULTIPLY_ProdcodeID_painful_conditions"
"Painful conditions",5587,"80748020","Phenytoin sodium 50mg capsules","MULTIPLY_ProdcodeID_painful_conditions"
"Painful conditions",5617,"74587020","Convulex 300mg gastro-resistant capsules (Pfizer Ltd)","MULTIPLY_ProdcodeID_painful_conditions"
"Painful conditions",5658,"75708020","Lamotrigine 25mg dispersible tablets sugar free","MULTIPLY_ProdcodeID_painful_conditions"
"Painful conditions",5722,"75677020","Lamictal 100mg dispersible tablets (GlaxoSmithKline UK Ltd)","MULTIPLY_ProdcodeID_painful_conditions"
"Painful conditions",5791,"60919020","Ethosuximide 250mg/5ml oral solution","MULTIPLY_ProdcodeID_painful_conditions"
"Painful conditions",5830,"85972020","Topiramate 50mg capsules","MULTIPLY_ProdcodeID_painful_conditions"
"Painful conditions",5874,"80222020","Topiramate 25mg capsules","MULTIPLY_ProdcodeID_painful_conditions"
"Painful conditions",5907,"75709020","Lamotrigine 100mg dispersible tablets sugar free","MULTIPLY_ProdcodeID_painful_conditions"
"Painful conditions",5956,"52337020","Zarontin 250mg/5ml syrup (Essential Pharma Ltd)","MULTIPLY_ProdcodeID_painful_conditions"
"Painful conditions",5977,"54569020","Tegretol 100mg tablets (Novartis Pharmaceuticals UK Ltd)","MULTIPLY_ProdcodeID_painful_conditions"
"Painful conditions",5997,"74586020","Convulex 150mg gastro-resistant capsules (Pfizer Ltd)","MULTIPLY_ProdcodeID_painful_conditions"
"Painful conditions",6021,"76726020","Keppra 250mg tablets (UCB Pharma Ltd)","MULTIPLY_ProdcodeID_painful_conditions"
"Painful conditions",6022,"84158020","Levetiracetam 250mg tablets","MULTIPLY_ProdcodeID_painful_conditions"
"Painful conditions",6047,"84160020","Levetiracetam 1g tablets","MULTIPLY_ProdcodeID_painful_conditions"
"Painful conditions",6068,"84159020","Levetiracetam 500mg tablets","MULTIPLY_ProdcodeID_painful_conditions"
"Painful conditions",6304,"68258020","Neurontin 300mg capsules (Pfizer Ltd)","MULTIPLY_ProdcodeID_painful_conditions"
"Painful conditions",6409,"79267020","Lamotrigine 2mg dispersible tablets sugar free","MULTIPLY_ProdcodeID_painful_conditions"
"Painful conditions",6436,"78887020","Oxcarbazepine 600mg tablets","MULTIPLY_ProdcodeID_painful_conditions"
"Painful conditions",6504,"80749020","Phenytoin sodium 100mg capsules","MULTIPLY_ProdcodeID_painful_conditions"
"Painful conditions",6552,"78885020","Oxcarbazepine 150mg tablets","MULTIPLY_ProdcodeID_painful_conditions"
"Painful conditions",6560,"81319020","Sodium valproate 500mg modified-release tablets","MULTIPLY_ProdcodeID_painful_conditions"
"Painful conditions",6584,"88052020","Lyrica 75mg capsules (Pfizer Ltd)","MULTIPLY_ProdcodeID_painful_conditions"
"Painful conditions",6594,"80756020","Phenytoin sodium 300mg capsules","MULTIPLY_ProdcodeID_painful_conditions"
"Painful conditions",6624,"80747020","Phenytoin sodium 25mg capsules","MULTIPLY_ProdcodeID_painful_conditions"
"Painful conditions",6631,"88042020","Pregabalin 150mg capsules","MULTIPLY_ProdcodeID_painful_conditions"
"Painful conditions",6711,"76811020","Sodium valproate 300mg modified-release tablets","MULTIPLY_ProdcodeID_painful_conditions"
"Painful conditions",6820,"80207020","Topiramate 100mg tablets","MULTIPLY_ProdcodeID_painful_conditions"
"Painful conditions",6858,"88458020","Levetiracetam 100mg/ml oral solution sugar free","MULTIPLY_ProdcodeID_painful_conditions"
"Painful conditions",6936,"88036020","Pregabalin 50mg capsules","MULTIPLY_ProdcodeID_painful_conditions"
"Painful conditions",6949,"88044020","Pregabalin 200mg capsules","MULTIPLY_ProdcodeID_painful_conditions"
"Painful conditions",6999,"88040020","Pregabalin 100mg capsules","MULTIPLY_ProdcodeID_painful_conditions"
"Painful conditions",7005,"88046020","Pregabalin 300mg capsules","MULTIPLY_ProdcodeID_painful_conditions"
"Painful conditions",7011,"74929020","Sodium valproate with valproic acid 300mg modified release tablets","MULTIPLY_ProdcodeID_painful_conditions"
"Painful conditions",7020,"78882020","Trileptal 300mg tablets (Novartis Pharmaceuticals UK Ltd)","MULTIPLY_ProdcodeID_painful_conditions"
"Painful conditions",7021,"53158020","Trileptal 150mg tablets (Novartis Pharmaceuticals UK Ltd)","MULTIPLY_ProdcodeID_painful_conditions"
"Painful conditions",7022,"66209020","Lamictal 50mg tablets (GlaxoSmithKline UK Ltd)","MULTIPLY_ProdcodeID_painful_conditions"
"Painful conditions",7023,"66210020","Lamictal 100mg tablets (GlaxoSmithKline UK Ltd)","MULTIPLY_ProdcodeID_painful_conditions"
"Painful conditions",7073,"80206020","Topiramate 50mg tablets","MULTIPLY_ProdcodeID_painful_conditions"
"Painful conditions",7108,"80208020","Topiramate 200mg tablets","MULTIPLY_ProdcodeID_painful_conditions"
"Painful conditions",7208,"88054020","Lyrica 100mg capsules (Pfizer Ltd)","MULTIPLY_ProdcodeID_painful_conditions"
"Painful conditions",7209,"88050020","Lyrica 50mg capsules (Pfizer Ltd)","MULTIPLY_ProdcodeID_painful_conditions"
"Painful conditions",7394,"88058020","Lyrica 200mg capsules (Pfizer Ltd)","MULTIPLY_ProdcodeID_painful_conditions"
"Painful conditions",7498,"54767020","Epanutin 25mg capsules (Pfizer Ltd)","MULTIPLY_ProdcodeID_painful_conditions"
"Painful conditions",7538,"52160020","Gabapentin 800mg tablets","MULTIPLY_ProdcodeID_painful_conditions"
"Painful conditions",7804,"2103007","PHENYTOIN SODIUM/ PHENOBARBITONE CAP","MULTIPLY_ProdcodeID_painful_conditions"
"Painful conditions",8029,"51412020","Rivotril 2mg tablets (Roche Products Ltd)","MULTIPLY_ProdcodeID_painful_conditions"
"Painful conditions",8452,"5711007","PHENYTOIN 150 MG SUS","MULTIPLY_ProdcodeID_painful_conditions"
"Painful conditions",8487,"49555020","Frisium 10mg Capsule (Aventis Pharma)","MULTIPLY_ProdcodeID_painful_conditions"
"Painful conditions",8885,"75354020","Orlept 500mg gastro-resistant tablets (Wockhardt UK Ltd)","MULTIPLY_ProdcodeID_painful_conditions"
"Painful conditions",9281,"74928020","Sodium valproate with valproic acid 200mg modified release tablets","MULTIPLY_ProdcodeID_painful_conditions"
"Painful conditions",9678,"75314020","Phenytoin 90mg/5ml oral solution sugar free","MULTIPLY_ProdcodeID_painful_conditions"
"Painful conditions",9823,"80218020","Topamax 25mg tablets (Janssen-Cilag Ltd)","MULTIPLY_ProdcodeID_painful_conditions"
"Painful conditions",9979,"81491020","Gabapentin 600mg tablets and Gabapentin 300mg capsules","MULTIPLY_ProdcodeID_painful_conditions"
"Painful conditions",10007,"68257020","Neurontin 100mg capsules (Pfizer Ltd)","MULTIPLY_ProdcodeID_painful_conditions"
"Painful conditions",10092,"88634020","Mysoline 250mg tablets (SERB)","MULTIPLY_ProdcodeID_painful_conditions"
"Painful conditions",10111,"78980020","Lamictal 200mg tablets (GlaxoSmithKline UK Ltd)","MULTIPLY_ProdcodeID_painful_conditions"
"Painful conditions",10189,"88060020","Lyrica 300mg capsules (Pfizer Ltd)","MULTIPLY_ProdcodeID_painful_conditions"
"Painful conditions",10247,"76727020","Keppra 500mg tablets (UCB Pharma Ltd)","MULTIPLY_ProdcodeID_painful_conditions"
"Painful conditions",10263,"57944020","Epanutin 300mg capsules (Pfizer Ltd)","MULTIPLY_ProdcodeID_painful_conditions"
"Painful conditions",10273,"55606020","Phenobarbital 50mg/5ml oral solution","MULTIPLY_ProdcodeID_painful_conditions"
"Painful conditions",10650,"51411020","Rivotril 500microgram tablets (Roche Products Ltd)","MULTIPLY_ProdcodeID_painful_conditions"
"Painful conditions",10694,"2840007","CLOBAZAM 2.5 MG CAP","MULTIPLY_ProdcodeID_painful_conditions"
"Painful conditions",10705,"71960020","Sabril 500mg tablets (Sanofi)","MULTIPLY_ProdcodeID_painful_conditions"
"Painful conditions",11075,"74930020","Sodium valproate with valproic acid 500mg modified release tablets","MULTIPLY_ProdcodeID_painful_conditions"
"Painful conditions",11237,"80220020","Topiramate 25mg tablets","MULTIPLY_ProdcodeID_painful_conditions"
"Painful conditions",11445,"75676020","Lamictal 25mg dispersible tablets (GlaxoSmithKline UK Ltd)","MULTIPLY_ProdcodeID_painful_conditions"
"Painful conditions",11696,"72801020","Carbamazepine 200mg chewable tablets sugar free","MULTIPLY_ProdcodeID_painful_conditions"
"Painful conditions",11715,"88456020","Levetiracetam 750mg tablets","MULTIPLY_ProdcodeID_painful_conditions"
"Painful conditions",11873,"89148020","Zonisamide 25mg capsules","MULTIPLY_ProdcodeID_painful_conditions"
"Painful conditions",12469,"49253020","Epanutin Ready-Mixed Parenteral 250mg/5ml solution for injection ampoules (Pfizer Ltd)","MULTIPLY_ProdcodeID_painful_conditions"
"Painful conditions",12821,"84894020","Topamax 15mg sprinkle capsules (Janssen-Cilag Ltd)","MULTIPLY_ProdcodeID_painful_conditions"
"Painful conditions",12880,"72797020","Tegretol 200mg Chewtabs (Novartis Pharmaceuticals UK Ltd)","MULTIPLY_ProdcodeID_painful_conditions"
"Painful conditions",12931,"59550020","Epimaz Retard 200mg tablets (IVAX Pharmaceuticals UK Ltd)","MULTIPLY_ProdcodeID_painful_conditions"
"Painful conditions",12932,"75210020","Epimaz 100mg tablets (IVAX Pharmaceuticals UK Ltd)","MULTIPLY_ProdcodeID_painful_conditions"
"Painful conditions",13112,"77435020","Carbagen SR 200mg tablets (Mylan)","MULTIPLY_ProdcodeID_painful_conditions"
"Painful conditions",13200,"85909020","Clonazepam 2mg/5ml oral solution sugar free","MULTIPLY_ProdcodeID_painful_conditions"
"Painful conditions",13524,"72796020","Tegretol 100mg Chewtabs (Novartis Pharmaceuticals UK Ltd)","MULTIPLY_ProdcodeID_painful_conditions"
"Painful conditions",13608,"80202020","Topamax 50mg tablets (Janssen-Cilag Ltd)","MULTIPLY_ProdcodeID_painful_conditions"
"Painful conditions",13825,"83729020","Tiagabine 5mg tablets","MULTIPLY_ProdcodeID_painful_conditions"
"Painful conditions",13828,"83731020","Tiagabine 15mg tablets","MULTIPLY_ProdcodeID_painful_conditions"
"Painful conditions",13890,"80204020","Topamax 200mg tablets (Janssen-Cilag Ltd)","MULTIPLY_ProdcodeID_painful_conditions"
"Painful conditions",14199,"78278020","Oxcarbazepine 60mg/ml oral suspension sugar free","MULTIPLY_ProdcodeID_painful_conditions"
"Painful conditions",14388,"49556020","Frisium 10mg tablets (Sanofi)","MULTIPLY_ProdcodeID_painful_conditions"
"Painful conditions",14743,"85908020","Clonazepam 500micrograms/5ml oral suspension","MULTIPLY_ProdcodeID_painful_conditions"
"Painful conditions",14762,"73062020","Phenobarbital 60mg/1ml solution for injection ampoules","MULTIPLY_ProdcodeID_painful_conditions"
"Painful conditions",14763,"65656020","Phenobarbital 200mg/1ml solution for injection ampoules","MULTIPLY_ProdcodeID_painful_conditions"
"Painful conditions",14857,"65731020","Phenytoin 50mg chewable tablets","MULTIPLY_ProdcodeID_painful_conditions"
"Painful conditions",15022,"64569020","Methylphenobarbital 200mg Tablet","MULTIPLY_ProdcodeID_painful_conditions"
"Painful conditions",15030,"50595020","Mysoline 250mg/5ml Oral suspension (AstraZeneca UK Ltd)","MULTIPLY_ProdcodeID_painful_conditions"
"Painful conditions",15082,"75594020","Tegretol 250mg suppositories (Essential Pharma Ltd)","MULTIPLY_ProdcodeID_painful_conditions"
"Painful conditions",15106,"2102007","PHENYTOIN 30 MG TAB","MULTIPLY_ProdcodeID_painful_conditions"
"Painful conditions",15126,"75675020","Lamictal 5mg dispersible tablets (GlaxoSmithKline UK Ltd)","MULTIPLY_ProdcodeID_painful_conditions"
"Painful conditions",15227,"76728020","Keppra 1g tablets (UCB Pharma Ltd)","MULTIPLY_ProdcodeID_painful_conditions"
"Painful conditions",15338,"89152020","Zonisamide 100mg capsules","MULTIPLY_ProdcodeID_painful_conditions"
"Painful conditions",15429,"2838007","CLOBAZAM 5 MG CAP","MULTIPLY_ProdcodeID_painful_conditions"
"Painful conditions",15650,"74592020","Valproic acid 300mg gastro-resistant capsules","MULTIPLY_ProdcodeID_painful_conditions"
"Painful conditions",15851,"80203020","Topamax 100mg tablets (Janssen-Cilag Ltd)","MULTIPLY_ProdcodeID_painful_conditions"
"Painful conditions",16021,"74593020","Valproic acid 500mg gastro-resistant capsules","MULTIPLY_ProdcodeID_painful_conditions"
"Painful conditions",16080,"88460020","Keppra 750mg tablets (UCB Pharma Ltd)","MULTIPLY_ProdcodeID_painful_conditions"
"Painful conditions",16149,"90775020","Lamotrigine 50mg dispersible tablets sugar free","MULTIPLY_ProdcodeID_painful_conditions"
"Painful conditions",16215,"68259020","Neurontin 400mg capsules (Pfizer Ltd)","MULTIPLY_ProdcodeID_painful_conditions"
"Painful conditions",16262,"84895020","Topamax 25mg sprinkle capsules (Janssen-Cilag Ltd)","MULTIPLY_ProdcodeID_painful_conditions"
"Painful conditions",16404,"81493020","Neurontin titration pack (Pfizer Ltd)","MULTIPLY_ProdcodeID_painful_conditions"
"Painful conditions",16442,"83730020","Tiagabine 10mg tablets","MULTIPLY_ProdcodeID_painful_conditions"
"Painful conditions",16509,"88056020","Lyrica 150mg capsules (Pfizer Ltd)","MULTIPLY_ProdcodeID_painful_conditions"
"Painful conditions",16542,"88048020","Lyrica 25mg capsules (Pfizer Ltd)","MULTIPLY_ProdcodeID_painful_conditions"
"Painful conditions",16609,"74140020","Sodium valproate 400mg powder and solvent for solution for injection vials","MULTIPLY_ProdcodeID_painful_conditions"
"Painful conditions",16782,"71957020","Vigabatrin 125mg capsules","MULTIPLY_ProdcodeID_painful_conditions"
"Painful conditions",17038,"85911020","Rivotril 2.5mg/1ml drops (Imported (Switzerland))","MULTIPLY_ProdcodeID_painful_conditions"
"Painful conditions",17054,"90493020","Clobazam 5mg/5ml oral suspension","MULTIPLY_ProdcodeID_painful_conditions"
"Painful conditions",17152,"75353020","Orlept 200mg gastro-resistant tablets (Wockhardt UK Ltd)","MULTIPLY_ProdcodeID_painful_conditions"
"Painful conditions",17177,"57945020","Epanutin Infatabs 50mg chewable tablets (Pfizer Ltd)","MULTIPLY_ProdcodeID_painful_conditions"
"Painful conditions",17428,"75598020","Carbamazepine 250mg suppositories","MULTIPLY_ProdcodeID_painful_conditions"
"Painful conditions",17429,"75597020","Carbamazepine 125mg suppositories","MULTIPLY_ProdcodeID_painful_conditions"
"Painful conditions",17564,"81488020","Neurontin 600mg tablets (Pfizer Ltd)","MULTIPLY_ProdcodeID_painful_conditions"
"Painful conditions",17637,"89618020","Clonazepam 500micrograms/5ml solution sugar free","MULTIPLY_ProdcodeID_painful_conditions"
"Painful conditions",17978,"83786020","Teril Retard 200mg tablets (Taro Pharmaceuticals (UK) Ltd)","MULTIPLY_ProdcodeID_painful_conditions"
"Painful conditions",17990,"71961020","Sabril 500mg oral powder sachets (Sanofi)","MULTIPLY_ProdcodeID_painful_conditions"
"Painful conditions",18011,"83787020","Teril Retard 400mg tablets (Taro Pharmaceuticals (UK) Ltd)","MULTIPLY_ProdcodeID_painful_conditions"
"Painful conditions",18077,"84896020","Topamax 50mg sprinkle capsules (Janssen-Cilag Ltd)","MULTIPLY_ProdcodeID_painful_conditions"
"Painful conditions",18211,"89849020","Gabapentin 250mg/5ml oral solution","MULTIPLY_ProdcodeID_painful_conditions"
"Painful conditions",18350,"2841007","CLOBAZAM 1 MG SUS","MULTIPLY_ProdcodeID_painful_conditions"
"Painful conditions",18457,"73061020","Phenobarbital 30mg/1ml solution for injection ampoules","MULTIPLY_ProdcodeID_painful_conditions"
"Painful conditions",18567,"84116020","Trileptal 600mg tablets (Novartis Pharmaceuticals UK Ltd)","MULTIPLY_ProdcodeID_painful_conditions"
"Painful conditions",18614,"74591020","Valproic acid 150mg gastro-resistant capsules","MULTIPLY_ProdcodeID_painful_conditions"
"Painful conditions",18672,"!8504171","TIAGABINE","MULTIPLY_ProdcodeID_painful_conditions"
"Painful conditions",18673,"!8504172","TIAGABINE","MULTIPLY_ProdcodeID_painful_conditions"
"Painful conditions",18674,"!8504170","TIAGABINE","MULTIPLY_ProdcodeID_painful_conditions"
"Painful conditions",18729,"49230020","Emeside 250mg/5ml Oral solution (Laboratories For Applied Biology Ltd)","MULTIPLY_ProdcodeID_painful_conditions"
"Painful conditions",18737,"83733020","Gabitril 5mg Tablet (Sanofi-Synthelabo Ltd)","MULTIPLY_ProdcodeID_painful_conditions"
"Painful conditions",18762,"75211020","Epimaz 200mg tablets (Teva UK Ltd)","MULTIPLY_ProdcodeID_painful_conditions"
"Painful conditions",18763,"75212020","Epimaz 400mg tablets (Teva UK Ltd)","MULTIPLY_ProdcodeID_painful_conditions"
"Painful conditions",18886,"74588020","Convulex 500mg gastro-resistant capsules (Pfizer Ltd)","MULTIPLY_ProdcodeID_painful_conditions"
"Painful conditions",18911,"90597020","Emeside 250mg capsules (Chemidex Pharma Ltd)","MULTIPLY_ProdcodeID_painful_conditions"
"Painful conditions",19024,"54201020","Prominal 200mg Tablet (Sanofi-Synthelabo Ltd)","MULTIPLY_ProdcodeID_painful_conditions"
"Painful conditions",19296,"78981020","Lamictal 2mg dispersible tablets (GlaxoSmithKline UK Ltd)","MULTIPLY_ProdcodeID_painful_conditions"
"Painful conditions",19326,"5474007","PHENYTOIN 25 MG SYR","MULTIPLY_ProdcodeID_painful_conditions"
"Painful conditions",19500,"89150020","Zonisamide 50mg capsules","MULTIPLY_ProdcodeID_painful_conditions"
"Painful conditions",19526,"!2246103","EPILIM CRUSHABLE","MULTIPLY_ProdcodeID_painful_conditions"
"Painful conditions",19907,"59574020","Phenobarbital sodium 60mg tablet","MULTIPLY_ProdcodeID_painful_conditions"
"Painful conditions",20004,"69798020","Epilim Intravenous 400mg powder and solvent for solution for injection vials (Sanofi)","MULTIPLY_ProdcodeID_painful_conditions"
"Painful conditions",20640,"88462020","Keppra 100mg/ml oral solution (UCB Pharma Ltd)","MULTIPLY_ProdcodeID_painful_conditions"
"Painful conditions",20859,"83734020","Gabitril 10mg Tablet (Sanofi-Synthelabo Ltd)","MULTIPLY_ProdcodeID_painful_conditions"
"Painful conditions",20966,"89903020","Clobazam 10mg/5ml oral suspension","MULTIPLY_ProdcodeID_painful_conditions"
"Painful conditions",21441,"75593020","Tegretol 125mg suppositories (Essential Pharma Ltd)","MULTIPLY_ProdcodeID_painful_conditions"
"Painful conditions",21488,"54145020","Luminal 30mg Tablet (Sanofi-Synthelabo Ltd)","MULTIPLY_ProdcodeID_painful_conditions"
"Painful conditions",21632,"!2237104","EPANUTIN INFATABS","MULTIPLY_ProdcodeID_painful_conditions"
"Painful conditions",21854,"57056020","Pentran 100mg Tablet (Berk Pharmaceuticals Ltd)","MULTIPLY_ProdcodeID_painful_conditions"
"Painful conditions",22131,"2115007","PHENOBARBITONE & PHENYTOIN 60 MG CAP","MULTIPLY_ProdcodeID_painful_conditions"
"Painful conditions",22286,"3613007","PHENOBARBITONE 60MG & PHENYTOIN 100MG MG TAB","MULTIPLY_ProdcodeID_painful_conditions"
"Painful conditions",22399,"48078020","Potassium bromide mixture","MULTIPLY_ProdcodeID_painful_conditions"
"Painful conditions",22763,"90875020","Levetiracetam 500mg/5ml solution for infusion vials","MULTIPLY_ProdcodeID_painful_conditions"
"Painful conditions",23237,"73060020","Phenobarbital 15mg/1ml solution for injection ampoules","MULTIPLY_ProdcodeID_painful_conditions"
"Painful conditions",23349,"54200020","Prominal 60mg Tablet (Sanofi-Synthelabo Ltd)","MULTIPLY_ProdcodeID_painful_conditions"
"Painful conditions",23767,"64568020","Methylphenobarbital 60mg Tablet","MULTIPLY_ProdcodeID_painful_conditions"
"Painful conditions",23768,"64567020","Methylphenobarbital 30mg Tablet","MULTIPLY_ProdcodeID_painful_conditions"
"Painful conditions",24138,"50254020","Phenobarbital 60mg tablets (Actavis UK Ltd)","MULTIPLY_ProdcodeID_painful_conditions"
"Painful conditions",24153,"75355020","Orlept SF 200mg/5ml liquid (Wockhardt UK Ltd)","MULTIPLY_ProdcodeID_painful_conditions"
"Painful conditions",24176,"89156020","Zonegran 50mg capsules (Eisai Ltd)","MULTIPLY_ProdcodeID_painful_conditions"
"Painful conditions",24177,"89158020","Zonegran 100mg capsules (Eisai Ltd)","MULTIPLY_ProdcodeID_painful_conditions"
"Painful conditions",24264,"80585020","Gabitril 15mg tablets (Teva UK Ltd)","MULTIPLY_ProdcodeID_painful_conditions"
"Painful conditions",24627,"90117020","Primidone 25mg/5ml oral suspension","MULTIPLY_ProdcodeID_painful_conditions"
"Painful conditions",24637,"65741020","Phenytoin sodium 250mg/5ml solution for injection ampoules","MULTIPLY_ProdcodeID_painful_conditions"
"Painful conditions",24821,"65659020","Gardenal Sodium 200mg/1ml solution for injection ampoules (Concord Pharmaceuticals Ltd)","MULTIPLY_ProdcodeID_painful_conditions"
"Painful conditions",25146,"54199020","Prominal 30mg Tablet (Sanofi-Synthelabo Ltd)","MULTIPLY_ProdcodeID_painful_conditions"
"Painful conditions",25244,"48438020","Gabitril 10mg tablets (Teva UK Ltd)","MULTIPLY_ProdcodeID_painful_conditions"
"Painful conditions",25285,"54146020","Luminal 60mg Tablet (Sanofi-Synthelabo Ltd)","MULTIPLY_ProdcodeID_painful_conditions"
"Painful conditions",25543,"55757020","Phenobarbital 30mg tablets (A A H Pharmaceuticals Ltd)","MULTIPLY_ProdcodeID_painful_conditions"
"Painful conditions",25815,"90091020","Gabapentin 400mg/5ml oral suspension","MULTIPLY_ProdcodeID_painful_conditions"
"Painful conditions",26012,"77436020","Carbagen SR 400mg tablets (Mylan)","MULTIPLY_ProdcodeID_painful_conditions"
"Painful conditions",26302,"49229020","Emeside 250mg Capsule (Laboratories For Applied Biology Ltd)","MULTIPLY_ProdcodeID_painful_conditions"
"Painful conditions",26318,"83735020","Gabitril 15mg Tablet (Sanofi-Synthelabo Ltd)","MULTIPLY_ProdcodeID_painful_conditions"
"Painful conditions",26902,"79828020","Trileptal 60mg/ml oral suspension (Novartis Pharmaceuticals UK Ltd)","MULTIPLY_ProdcodeID_painful_conditions"
"Painful conditions",26920,"2597007","ETHOSUXIMIDE POW","MULTIPLY_ProdcodeID_painful_conditions"
"Painful conditions",26924,"4249007","ZARONTIN 300 MG CAP","MULTIPLY_ProdcodeID_painful_conditions"
"Painful conditions",27113,"59290020","Phenytoin sodium 100mg tablets (Teva UK Ltd)","MULTIPLY_ProdcodeID_painful_conditions"
"Painful conditions",27221,"6539007","LAMICTAL NON-VALPROATE ADD-ON START PACK TAB 25 mg","MULTIPLY_ProdcodeID_painful_conditions"
"Painful conditions",27454,"66975020","Gabapentin 300mg capsules (Teva UK Ltd)","MULTIPLY_ProdcodeID_painful_conditions"
"Painful conditions",27541,"!5603703","PHENYTOIN","MULTIPLY_ProdcodeID_painful_conditions"
"Painful conditions",27760,"89154020","Zonegran 25mg capsules (Eisai Ltd)","MULTIPLY_ProdcodeID_painful_conditions"
"Painful conditions",27881,"!5603201","PHENYTOIN","MULTIPLY_ProdcodeID_painful_conditions"
"Painful conditions",28345,"54680020","Carbamazepine 100mg tablets (Teva UK Ltd)","MULTIPLY_ProdcodeID_painful_conditions"
"Painful conditions",28713,"81489020","Neurontin 800mg tablets (Pfizer Ltd)","MULTIPLY_ProdcodeID_painful_conditions"
"Painful conditions",28945,"55508020","Phenobarbital 30mg tablets (Teva UK Ltd)","MULTIPLY_ProdcodeID_painful_conditions"
"Painful conditions",29306,"55509020","Phenobarbital 15mg tablets (Teva UK Ltd)","MULTIPLY_ProdcodeID_painful_conditions"
"Painful conditions",29619,"70804020","Lamotrigine 25mg tablets (Actavis UK Ltd)","MULTIPLY_ProdcodeID_painful_conditions"
"Painful conditions",29620,"70810020","Lamotrigine 100mg tablets (Actavis UK Ltd)","MULTIPLY_ProdcodeID_painful_conditions"
"Painful conditions",29806,"2839007","CLOBAZAM 7.5 MG CAP","MULTIPLY_ProdcodeID_painful_conditions"
"Painful conditions",30081,"66876020","Sodium valproate CR 500mg Tablet (Hillcross Pharmaceuticals Ltd)","MULTIPLY_ProdcodeID_painful_conditions"
"Painful conditions",30392,"57055020","Pentran 50mg Tablet (Berk Pharmaceuticals Ltd)","MULTIPLY_ProdcodeID_painful_conditions"
"Painful conditions",30509,"86374020","Timonil retard 400mg Modified-release tablet (C P Pharmaceuticals Ltd)","MULTIPLY_ProdcodeID_painful_conditions"
"Painful conditions",30537,"87806020","Phenobarbital sodium powder","MULTIPLY_ProdcodeID_painful_conditions"
"Painful conditions",30763,"48995020","Carbamazepine 100mg tablets (A A H Pharmaceuticals Ltd)","MULTIPLY_ProdcodeID_painful_conditions"
"Painful conditions",31634,"4161007","PHENYTOIN SODIUM/ PHENOBARBITONE SODIUM TAB","MULTIPLY_ProdcodeID_painful_conditions"
"Painful conditions",32200,"89492020","Sultiame 200mg tablets","MULTIPLY_ProdcodeID_painful_conditions"
"Painful conditions",32500,"91692020","Clonazepam 250micrograms/5ml oral solution","MULTIPLY_ProdcodeID_painful_conditions"
"Painful conditions",32783,"54147020","Luminal 15mg Tablet (Sanofi-Synthelabo Ltd)","MULTIPLY_ProdcodeID_painful_conditions"
"Painful conditions",32900,"63548020","Carbamazepine sr 200mg Tablet (IVAX Pharmaceuticals UK Ltd)","MULTIPLY_ProdcodeID_painful_conditions"
"Painful conditions",32920,"70981020","Lamotrigine 25mg tablets (Mylan)","MULTIPLY_ProdcodeID_painful_conditions"
"Painful conditions",32931,"54682020","Carbamazepine 400mg tablets (Teva UK Ltd)","MULTIPLY_ProdcodeID_painful_conditions"
"Painful conditions",32973,"55173020","Gabitril 5mg tablets (Teva UK Ltd)","MULTIPLY_ProdcodeID_painful_conditions"
"Painful conditions",33058,"86465020","Epival CR 500mg tablets (Chanelle Medical UK Ltd)","MULTIPLY_ProdcodeID_painful_conditions"
"Painful conditions",33106,"56309020","Sodium valproate 200mg/5ml Oral solution (IVAX Pharmaceuticals UK Ltd)","MULTIPLY_ProdcodeID_painful_conditions"
"Painful conditions",33252,"91878020","Primidone 62.5mg/5ml oral suspension","MULTIPLY_ProdcodeID_painful_conditions"
"Painful conditions",33323,"50255020","Phenobarbital 30mg tablets (Actavis UK Ltd)","MULTIPLY_ProdcodeID_painful_conditions"
"Painful conditions",33372,"55507020","Phenobarbital 60mg tablets (Teva UK Ltd)","MULTIPLY_ProdcodeID_painful_conditions"
"Painful conditions",33828,"90905020","Emeside 250mg/5ml syrup (Essential Pharma Ltd)","MULTIPLY_ProdcodeID_painful_conditions"
"Painful conditions",34120,"52411020","Sodium valproate 200mg gastro-resistant tablets (A A H Pharmaceuticals Ltd)","MULTIPLY_ProdcodeID_painful_conditions"
"Painful conditions",34144,"59986020","Phenytoin sodium 100mg tablets (Actavis UK Ltd)","MULTIPLY_ProdcodeID_painful_conditions"
"Painful conditions",34150,"54482020","Valproate sodium 200mg Gastro-resistant tablet (IVAX Pharmaceuticals UK Ltd)","MULTIPLY_ProdcodeID_painful_conditions"
"Painful conditions",34151,"54483020","Valproate sodium 500mg Gastro-resistant tablet (IVAX Pharmaceuticals UK Ltd)","MULTIPLY_ProdcodeID_painful_conditions"
"Painful conditions",34178,"52412020","Sodium valproate 500mg gastro-resistant tablets (A A H Pharmaceuticals Ltd)","MULTIPLY_ProdcodeID_painful_conditions"
"Painful conditions",34275,"50263020","Phenobarbital 15mg/5ml Oral solution (William Ransom)","MULTIPLY_ProdcodeID_painful_conditions"
"Painful conditions",34370,"61899020","Carbamazepine 200mg modified-release tablets (A A H Pharmaceuticals Ltd)","MULTIPLY_ProdcodeID_painful_conditions"
"Painful conditions",34414,"59953020","Sodium valproate 200mg Tablet (Sterwin Medicines)","MULTIPLY_ProdcodeID_painful_conditions"
"Painful conditions",34491,"61749020","Clonazepam 2mg/5ml oral solution sugar free (Rosemont Pharmaceuticals Ltd)","MULTIPLY_ProdcodeID_painful_conditions"
"Painful conditions",34506,"66972020","Gabapentin 100mg capsules (Teva UK Ltd)","MULTIPLY_ProdcodeID_painful_conditions"
"Painful conditions",34592,"50278020","Phenytoin sodium 100mg tablets (A A H Pharmaceuticals Ltd)","MULTIPLY_ProdcodeID_painful_conditions"
"Painful conditions",34606,"67084020","Gabapentin 100mg capsules (A A H Pharmaceuticals Ltd)","MULTIPLY_ProdcodeID_painful_conditions"
"Painful conditions",34626,"56315020","Sodium valproate 200mg gastro-resistant tablets (Mylan)","MULTIPLY_ProdcodeID_painful_conditions"
"Painful conditions",34632,"59990020","Sodium valproate 200mg gastro-resistant tablets (Teva UK Ltd)","MULTIPLY_ProdcodeID_painful_conditions"
"Painful conditions",34699,"55654020","Phenytoin 90mg/5ml Oral suspension sugar free (Rosemont Pharmaceuticals Ltd)","MULTIPLY_ProdcodeID_painful_conditions"
"Painful conditions",34707,"56310020","Sodium valproate 200mg gastro-resistant tablets (IVAX Pharmaceuticals UK Ltd)","MULTIPLY_ProdcodeID_painful_conditions"
"Painful conditions",34716,"67092020","Gabapentin 300mg capsules (A A H Pharmaceuticals Ltd)","MULTIPLY_ProdcodeID_painful_conditions"
"Painful conditions",34883,"52413020","Sodium valproate 200mg/5ml oral solution sugar free (A A H Pharmaceuticals Ltd)","MULTIPLY_ProdcodeID_painful_conditions"
"Painful conditions",34904,"48996020","Carbamazepine 200mg tablets (A A H Pharmaceuticals Ltd)","MULTIPLY_ProdcodeID_painful_conditions"
"Painful conditions",34946,"66983020","Gabapentin 600mg tablets (Teva UK Ltd)","MULTIPLY_ProdcodeID_painful_conditions"
"Painful conditions",34958,"48990020","Carbamazepine 100mg Tablet (Berk Pharmaceuticals Ltd)","MULTIPLY_ProdcodeID_painful_conditions"
"Painful conditions",35024,"93459020","Sodium valproate 300mg modified-release capsules","MULTIPLY_ProdcodeID_painful_conditions"
"Painful conditions",35164,"88784020","Phenobarbital 50mg/5ml oral suspension","MULTIPLY_ProdcodeID_painful_conditions"
"Painful conditions",35471,"93457020","Sodium valproate 150mg modified-release capsules","MULTIPLY_ProdcodeID_painful_conditions"
"Painful conditions",35732,"71421020","Lamotrigine 25mg dispersible tablets sugar free (Arrow Generics Ltd)","MULTIPLY_ProdcodeID_painful_conditions"
"Painful conditions",35747,"93467020","Episenta 300mg modified-release capsules (Desitin Pharma Ltd)","MULTIPLY_ProdcodeID_painful_conditions"
"Painful conditions",35755,"93461020","Sodium valproate 500mg modified-release granules sachets sugar free","MULTIPLY_ProdcodeID_painful_conditions"
"Painful conditions",35835,"92442020","Primidone 50mg/5ml oral suspension","MULTIPLY_ProdcodeID_painful_conditions"
"Painful conditions",35987,"89494020","Ospolot fc 50mg Tablet (IDIS World Medicines)","MULTIPLY_ProdcodeID_painful_conditions"
"Painful conditions",36318,"93463020","Sodium valproate 1g modified-release granules sachets sugar free","MULTIPLY_ProdcodeID_painful_conditions"
"Painful conditions",36327,"90877020","Keppra 500mg/5ml concentrate for solution for infusion vials (UCB Pharma Ltd)","MULTIPLY_ProdcodeID_painful_conditions"
"Painful conditions",36633,"93465020","Episenta 150mg modified-release capsules (Desitin Pharma Ltd)","MULTIPLY_ProdcodeID_painful_conditions"
"Painful conditions",36634,"93471020","Episenta 1000mg modified-release granules sachets (Desitin Pharma Ltd)","MULTIPLY_ProdcodeID_painful_conditions"
"Painful conditions",37058,"94162020","Carbamazepine 500mg/5ml oral suspension","MULTIPLY_ProdcodeID_painful_conditions"
"Painful conditions",37306,"59954020","Sodium valproate 200mg/5ml Oral solution (Sterwin Medicines)","MULTIPLY_ProdcodeID_painful_conditions"
"Painful conditions",37416,"93952020","Rufinamide 200mg tablets","MULTIPLY_ProdcodeID_painful_conditions"
"Painful conditions",37512,"93958020","Inovelon 200mg tablets (Eisai Ltd)","MULTIPLY_ProdcodeID_painful_conditions"
"Painful conditions",37515,"93950020","Rufinamide 100mg tablets","MULTIPLY_ProdcodeID_painful_conditions"
"Painful conditions",37584,"93469020","Episenta 500mg modified-release granules sachets (Desitin Pharma Ltd)","MULTIPLY_ProdcodeID_painful_conditions"
"Painful conditions",37611,"86467020","Epival CR 300mg tablets (Chanelle Medical UK Ltd)","MULTIPLY_ProdcodeID_painful_conditions"
"Painful conditions",37633,"89490020","Sultiame 50mg tablets","MULTIPLY_ProdcodeID_painful_conditions"
"Painful conditions",37696,"91963020","Clobazam 2.5mg capsules","MULTIPLY_ProdcodeID_painful_conditions"
"Painful conditions",37800,"59346020","Carbamazepine 200mg Modified-release tablet (Lagap)","MULTIPLY_ProdcodeID_painful_conditions"
"Painful conditions",37801,"94315020","Pregabalin 225mg capsules","MULTIPLY_ProdcodeID_painful_conditions"
"Painful conditions",37883,"94526020","Primidone 100mg/5ml oral solution","MULTIPLY_ProdcodeID_painful_conditions"
"Painful conditions",37895,"93954020","Rufinamide 400mg tablets","MULTIPLY_ProdcodeID_painful_conditions"
"Painful conditions",37970,"94587020","Stiripentol 250mg oral powder sachets","MULTIPLY_ProdcodeID_painful_conditions"
"Painful conditions",38293,"94317020","Lyrica 225mg capsules (Pfizer Ltd)","MULTIPLY_ProdcodeID_painful_conditions"
"Painful conditions",38507,"95360020","Epilim Chronosphere MR 100mg granules sachets (Sanofi)","MULTIPLY_ProdcodeID_painful_conditions"
"Painful conditions",38508,"95362020","Epilim Chronosphere MR 250mg granules sachets (Sanofi)","MULTIPLY_ProdcodeID_painful_conditions"
"Painful conditions",38789,"95757020","Lacosamide 50mg tablets","MULTIPLY_ProdcodeID_painful_conditions"
"Painful conditions",38939,"95813020","Epilim 200 gastro-resistant tablets (Sanofi)","MULTIPLY_ProdcodeID_painful_conditions"
"Painful conditions",38949,"95815020","Epilim 500 gastro-resistant tablets (Sanofi)","MULTIPLY_ProdcodeID_painful_conditions"
"Painful conditions",39039,"96128020","Sodium valproate 200mg modified-release tablets","MULTIPLY_ProdcodeID_painful_conditions"
"Painful conditions",39126,"95745020","Lacosamide 100mg tablets","MULTIPLY_ProdcodeID_painful_conditions"
"Painful conditions",39259,"95749020","Lacosamide 150mg tablets","MULTIPLY_ProdcodeID_painful_conditions"
"Painful conditions",39276,"95191020","Sodium valproate with valproic acid 250mg modified release granules","MULTIPLY_ProdcodeID_painful_conditions"
"Painful conditions",39279,"95364020","Epilim Chronosphere MR 500mg granules sachets (Sanofi)","MULTIPLY_ProdcodeID_painful_conditions"
"Painful conditions",39356,"95747020","Vimpat 100mg tablets (UCB Pharma Ltd)","MULTIPLY_ProdcodeID_painful_conditions"
"Painful conditions",39385,"95753020","Lacosamide 200mg tablets","MULTIPLY_ProdcodeID_painful_conditions"
"Painful conditions",39427,"95195020","Sodium valproate with valproic acid 750mg modified release granules","MULTIPLY_ProdcodeID_painful_conditions"
"Painful conditions",39452,"95193020","Sodium valproate with valproic acid 500mg modified release granules","MULTIPLY_ProdcodeID_painful_conditions"
"Painful conditions",39506,"70807020","Lamotrigine 50mg tablets (Actavis UK Ltd)","MULTIPLY_ProdcodeID_painful_conditions"
"Painful conditions",39550,"95366020","Epilim Chronosphere MR 750mg granules sachets (Sanofi)","MULTIPLY_ProdcodeID_painful_conditions"
"Painful conditions",39615,"95759020","Vimpat 50mg tablets (UCB Pharma Ltd)","MULTIPLY_ProdcodeID_painful_conditions"
"Painful conditions",39618,"96618020","Phenobarbital 20mg/5ml oral solution","MULTIPLY_ProdcodeID_painful_conditions"
"Painful conditions",39714,"71155020","Lamotrigine 25mg tablets (Teva UK Ltd)","MULTIPLY_ProdcodeID_painful_conditions"
"Painful conditions",39715,"71163020","Lamotrigine 100mg tablets (Teva UK Ltd)","MULTIPLY_ProdcodeID_painful_conditions"
"Painful conditions",39930,"95358020","Epilim Chronosphere MR 50mg granules sachets (Sanofi)","MULTIPLY_ProdcodeID_painful_conditions"
"Painful conditions",39952,"95743020","Vimpat 15mg/ml syrup (UCB Pharma Ltd)","MULTIPLY_ProdcodeID_painful_conditions"
"Painful conditions",40070,"92741020","Sodium valproate 300mg/3ml solution for injection ampoules","MULTIPLY_ProdcodeID_painful_conditions"
"Painful conditions",40291,"95737020","Lacosamide 200mg/20ml solution for infusion vials","MULTIPLY_ProdcodeID_painful_conditions"
"Painful conditions",40372,"95741020","Lacosamide 15mg/ml oral solution sugar free","MULTIPLY_ProdcodeID_painful_conditions"
"Painful conditions",40395,"56314020","Sodium valproate 100mg tablets (Mylan)","MULTIPLY_ProdcodeID_painful_conditions"
"Painful conditions",40400,"55618020","Sodium valproate 500mg Gastro-resistant tablet (C P Pharmaceuticals Ltd)","MULTIPLY_ProdcodeID_painful_conditions"
"Painful conditions",40403,"59347020","Carbamazepine 400mg Modified-release tablet (Lagap)","MULTIPLY_ProdcodeID_painful_conditions"
"Painful conditions",40404,"61900020","Carbamazepine 400mg modified-release tablets (A A H Pharmaceuticals Ltd)","MULTIPLY_ProdcodeID_painful_conditions"
"Painful conditions",40521,"93960020","Inovelon 400mg tablets (Eisai Ltd)","MULTIPLY_ProdcodeID_painful_conditions"
"Painful conditions",40658,"95755020","Vimpat 200mg tablets (UCB Pharma Ltd)","MULTIPLY_ProdcodeID_painful_conditions"
"Painful conditions",41137,"95189020","Sodium valproate with valproic acid 100mg modified release granules","MULTIPLY_ProdcodeID_painful_conditions"
"Painful conditions",41162,"95751020","Vimpat 150mg tablets (UCB Pharma Ltd)","MULTIPLY_ProdcodeID_painful_conditions"
"Painful conditions",41186,"94777020","Mesuximide 300mg Capsule","MULTIPLY_ProdcodeID_painful_conditions"
"Painful conditions",41303,"97315020","Clobazam 25mg/5ml oral solution","MULTIPLY_ProdcodeID_painful_conditions"
"Painful conditions",41726,"61212020","Carbamazepine 100mg Tablet (IVAX Pharmaceuticals UK Ltd)","MULTIPLY_ProdcodeID_painful_conditions"
"Painful conditions",41758,"97584020","Eslicarbazepine 800mg tablets","MULTIPLY_ProdcodeID_painful_conditions"
"Painful conditions",41973,"50258020","Phenobarbital 15mg Tablet (Celltech Pharma Europe Ltd)","MULTIPLY_ProdcodeID_painful_conditions"
"Painful conditions",42038,"97038020","Epilim Chronosphere MR 1000mg granules sachets (Sanofi)","MULTIPLY_ProdcodeID_painful_conditions"
"Painful conditions",42090,"63440020","Sodium valproate 200mg/5ml oral solution sugar free (Zentiva)","MULTIPLY_ProdcodeID_painful_conditions"
"Painful conditions",42145,"97588020","Zebinix 800mg tablets (Eisai Ltd)","MULTIPLY_ProdcodeID_painful_conditions"
"Painful conditions",42491,"94583020","Stiripentol 250mg capsules","MULTIPLY_ProdcodeID_painful_conditions"
"Painful conditions",43178,"95197020","Sodium valproate with valproic acid 1000mg modified release granules","MULTIPLY_ProdcodeID_painful_conditions"
"Painful conditions",43387,"95356020","Sodium valproate with valproic acid 50mg modified release granules","MULTIPLY_ProdcodeID_painful_conditions"
"Painful conditions",43417,"48997020","Carbamazepine 400mg tablets (A A H Pharmaceuticals Ltd)","MULTIPLY_ProdcodeID_painful_conditions"
"Painful conditions",43451,"62264020","Carbamazepine 400mg Modified-release tablet (Generics (UK) Ltd)","MULTIPLY_ProdcodeID_painful_conditions"
"Painful conditions",43648,"95245020","Sodium valproate oral solution","MULTIPLY_ProdcodeID_painful_conditions"
"Painful conditions",43742,"94601020","Sodium valproate 1g/10ml solution for injection ampoules","MULTIPLY_ProdcodeID_painful_conditions"
"Painful conditions",43836,"94585020","Stiripentol 500mg capsules","MULTIPLY_ProdcodeID_painful_conditions"
"Painful conditions",43919,"93956020","Inovelon 100mg tablets (Eisai Ltd)","MULTIPLY_ProdcodeID_painful_conditions"
"Painful conditions",44022,"98739020","Gabapentin 250mg/5ml oral suspension","MULTIPLY_ProdcodeID_painful_conditions"
"Painful conditions",44187,"67099020","Gabapentin 600mg tablets (A A H Pharmaceuticals Ltd)","MULTIPLY_ProdcodeID_painful_conditions"
"Painful conditions",44261,"72055020","Gabapentin 250mg/5ml Oral solution (Boots Pharmaceuticals Ltd)","MULTIPLY_ProdcodeID_painful_conditions"
"Painful conditions",44400,"94589020","Stiripentol 500mg oral powder sachets","MULTIPLY_ProdcodeID_painful_conditions"
"Painful conditions",44472,"98809020","Sodium valproate 100mg modified-release granules sachets sugar free","MULTIPLY_ProdcodeID_painful_conditions"
"Painful conditions",44599,"99035020","Primidone 50mg tablets","MULTIPLY_ProdcodeID_painful_conditions"
"Painful conditions",44718,"98813020","Sodium valproate 750mg modified-release granules sachets sugar free","MULTIPLY_ProdcodeID_painful_conditions"
"Painful conditions",44719,"99170020","Topiramate 25mg/5ml oral suspension","MULTIPLY_ProdcodeID_painful_conditions"
"Painful conditions",44903,"73096020","Sodium valproate 500mg gastro-resistant tablets (Zentiva)","MULTIPLY_ProdcodeID_painful_conditions"
"Painful conditions",45077,"71487020","Clonazepam 500microgram/5ml Oral solution (Rosemont Pharmaceuticals Ltd)","MULTIPLY_ProdcodeID_painful_conditions"
"Painful conditions",45106,"98811020","Sodium valproate 250mg modified-release granules sachets sugar free","MULTIPLY_ProdcodeID_painful_conditions"
"Painful conditions",45344,"64728020","Sodium valproate 200mg/5ml Oral solution (Hillcross Pharmaceuticals Ltd)","MULTIPLY_ProdcodeID_painful_conditions"
"Painful conditions",45370,"98621020","Phenobarbital 75mg/5ml oral solution","MULTIPLY_ProdcodeID_painful_conditions"
"Painful conditions",45419,"98807020","Sodium valproate 50mg modified-release granules sachets sugar free","MULTIPLY_ProdcodeID_painful_conditions"
"Painful conditions",45476,"99059020","Mysoline 50mg tablets (SERB)","MULTIPLY_ProdcodeID_painful_conditions"
"Painful conditions",45572,"99349020","Lamotrigine 50mg Suppository","MULTIPLY_ProdcodeID_painful_conditions"
"Painful conditions",45903,"99733020","Tegretol Prolonged Release 400mg tablets (Novartis Pharmaceuticals UK Ltd)","MULTIPLY_ProdcodeID_painful_conditions"
"Painful conditions",45941,"99731020","Tegretol Prolonged Release 200mg tablets (Novartis Pharmaceuticals UK Ltd)","MULTIPLY_ProdcodeID_painful_conditions"
"Painful conditions",46319,"99885020","Trobalt 50mg tablets (GlaxoSmithKline UK Ltd)","MULTIPLY_ProdcodeID_painful_conditions"
"Painful conditions",46320,"99887020","Trobalt 100mg tablets (GlaxoSmithKline UK Ltd)","MULTIPLY_ProdcodeID_painful_conditions"
"Painful conditions",46380,"99877020","Retigabine 100mg tablets","MULTIPLY_ProdcodeID_painful_conditions"
"Painful conditions",46381,"99875020","Retigabine 50mg tablets","MULTIPLY_ProdcodeID_painful_conditions"
"Painful conditions",46572,"207021","Topiramate 50mg/5ml oral suspension","MULTIPLY_ProdcodeID_painful_conditions"
"Painful conditions",46622,"99879020","Retigabine 200mg tablets","MULTIPLY_ProdcodeID_painful_conditions"
"Painful conditions",46774,"59989020","Sodium valproate 500mg gastro-resistant tablets (Teva UK Ltd)","MULTIPLY_ProdcodeID_painful_conditions"
"Painful conditions",46775,"71158020","Lamotrigine 50mg tablets (Teva UK Ltd)","MULTIPLY_ProdcodeID_painful_conditions"
"Painful conditions",46787,"99899020","Retigabine 50mg tablets and Retigabine 100mg tablets","MULTIPLY_ProdcodeID_painful_conditions"
"Painful conditions",46788,"99881020","Retigabine 300mg tablets","MULTIPLY_ProdcodeID_painful_conditions"
"Painful conditions",46796,"419021","Clobazam 10mg/5ml oral solution","MULTIPLY_ProdcodeID_painful_conditions"
"Painful conditions",46850,"421021","Clobazam 5mg/5ml oral solution","MULTIPLY_ProdcodeID_painful_conditions"
"Painful conditions",46888,"62263020","Carbamazepine 200mg Modified-release tablet (Generics (UK) Ltd)","MULTIPLY_ProdcodeID_painful_conditions"
"Painful conditions",46972,"61213020","Carbamazepine 200mg Tablet (IVAX Pharmaceuticals UK Ltd)","MULTIPLY_ProdcodeID_painful_conditions"
"Painful conditions",47014,"515021","Phenytoin 90mg/5ml oral suspension","MULTIPLY_ProdcodeID_painful_conditions"
"Painful conditions",47032,"99889020","Trobalt 200mg tablets (GlaxoSmithKline UK Ltd)","MULTIPLY_ProdcodeID_painful_conditions"
"Painful conditions",47066,"507021","Clonazepam 500micrograms/5ml oral solution","MULTIPLY_ProdcodeID_painful_conditions"
"Painful conditions",47143,"553021","Zonisamide 50mg/5ml oral suspension","MULTIPLY_ProdcodeID_painful_conditions"
"Painful conditions",47294,"63552020","Carbamazepine sr 400mg Tablet (IVAX Pharmaceuticals UK Ltd)","MULTIPLY_ProdcodeID_painful_conditions"
"Painful conditions",47579,"74481020","Gabapentin 100mg capsules (Sandoz Ltd)","MULTIPLY_ProdcodeID_painful_conditions"
"Painful conditions",47670,"50275020","Phenytoin 100mg Capsule (Actavis UK Ltd)","MULTIPLY_ProdcodeID_painful_conditions"
"Painful conditions",47715,"99891020","Trobalt 300mg tablets (GlaxoSmithKline UK Ltd)","MULTIPLY_ProdcodeID_painful_conditions"
"Painful conditions",47770,"99883020","Retigabine 400mg tablets","MULTIPLY_ProdcodeID_painful_conditions"
"Painful conditions",47812,"50260020","Phenobarbital 60mg Tablet (Celltech Pharma Europe Ltd)","MULTIPLY_ProdcodeID_painful_conditions"
"Painful conditions",47817,"70875020","Lamotrigine 50mg tablets (IVAX Pharmaceuticals UK Ltd)","MULTIPLY_ProdcodeID_painful_conditions"
"Painful conditions",47963,"70915020","Lamotrigine 25mg tablets (Fannin UK Ltd)","MULTIPLY_ProdcodeID_painful_conditions"
"Painful conditions",48010,"97313020","Clobazam 25mg/5ml oral suspension","MULTIPLY_ProdcodeID_painful_conditions"
"Painful conditions",48035,"70798020","Gabapentin 300mg capsules (Mylan)","MULTIPLY_ProdcodeID_painful_conditions"
"Painful conditions",48060,"70817020","Gabapentin 300mg capsules (Sandoz Ltd)","MULTIPLY_ProdcodeID_painful_conditions"
"Painful conditions",48164,"71050020","Lamotrigine 25mg dispersible tablets sugar free (A A H Pharmaceuticals Ltd)","MULTIPLY_ProdcodeID_painful_conditions"
"Painful conditions",48182,"71403020","Lamotrigine 25mg tablets (Arrow Generics Ltd)","MULTIPLY_ProdcodeID_painful_conditions"
"Painful conditions",48253,"10912020","Lyrica 150mg capsules (Lexon (UK) Ltd)","MULTIPLY_ProdcodeID_painful_conditions"
"Painful conditions",48397,"4714020","Tegretol Prolonged Release 200mg tablets (DE Pharmaceuticals)","MULTIPLY_ProdcodeID_painful_conditions"
"Painful conditions",48544,"40422020","Clonazepam 500micrograms/5ml oral solution sugar free","MULTIPLY_ProdcodeID_painful_conditions"
"Painful conditions",49084,"38943020","Lacosamide 10mg/ml oral solution sugar free","MULTIPLY_ProdcodeID_painful_conditions"
"Painful conditions",49532,"39821020","Lamotrigine 25mg tablets (Accord Healthcare Ltd)","MULTIPLY_ProdcodeID_painful_conditions"
"Painful conditions",49789,"44398020","Phenytoin sodium 50mg capsules (Flynn Pharma Ltd)","MULTIPLY_ProdcodeID_painful_conditions"
"Painful conditions",49833,"4698020","Tegretol 200mg tablets (Lexon (UK) Ltd)","MULTIPLY_ProdcodeID_painful_conditions"
"Painful conditions",49923,"4813020","Epilim Chrono 200 tablets (Lexon (UK) Ltd)","MULTIPLY_ProdcodeID_painful_conditions"
"Painful conditions",50108,"40180020","Clonazepam 2mg/5ml oral solution sugar free","MULTIPLY_ProdcodeID_painful_conditions"
"Painful conditions",50110,"5152020","Keppra 250mg tablets (Mawdsley-Brooks & Company Ltd)","MULTIPLY_ProdcodeID_painful_conditions"
"Painful conditions",50147,"44399020","Phenytoin sodium 100mg capsules (Flynn Pharma Ltd)","MULTIPLY_ProdcodeID_painful_conditions"
"Painful conditions",50148,"44397020","Phenytoin sodium 25mg capsules (Flynn Pharma Ltd)","MULTIPLY_ProdcodeID_painful_conditions"
"Painful conditions",50159,"44396020","Phenytoin sodium 300mg capsules (Flynn Pharma Ltd)","MULTIPLY_ProdcodeID_painful_conditions"
"Painful conditions",50235,"71034020","Lamotrigine 25mg tablets (A A H Pharmaceuticals Ltd)","MULTIPLY_ProdcodeID_painful_conditions"
"Painful conditions",50285,"45070020","Perampanel 2mg tablets","MULTIPLY_ProdcodeID_painful_conditions"
"Painful conditions",50389,"19425020","Clobazam 4mg/5ml oral solution","MULTIPLY_ProdcodeID_painful_conditions"
"Painful conditions",50442,"31285020","Phenobarbital sodium 50mg/5ml oral solution","MULTIPLY_ProdcodeID_painful_conditions"
"Painful conditions",50696,"9788020","Primidone 250mg/5ml oral suspension (Drug Tariff Special Order)","MULTIPLY_ProdcodeID_painful_conditions"
"Painful conditions",51108,"39824020","Levetiracetam 500mg tablets (Accord Healthcare Ltd)","MULTIPLY_ProdcodeID_painful_conditions"
"Painful conditions",51118,"4972020","Gabapentin 300mg capsules (Ranbaxy (UK) Ltd)","MULTIPLY_ProdcodeID_painful_conditions"
"Painful conditions",51227,"41880020","Pregabalin 20mg/ml oral solution sugar free","MULTIPLY_ProdcodeID_painful_conditions"
"Painful conditions",51309,"4887020","Lamictal 25mg tablets (DE Pharmaceuticals)","MULTIPLY_ProdcodeID_painful_conditions"
"Painful conditions",51326,"20979020","Phenobarbital 50mg/5ml oral solution","MULTIPLY_ProdcodeID_painful_conditions"
"Painful conditions",51416,"41280020","Rufinamide 40mg/ml oral suspension sugar free","MULTIPLY_ProdcodeID_painful_conditions"
"Painful conditions",51425,"19407020","Clobazam 2.5mg/5ml oral solution","MULTIPLY_ProdcodeID_painful_conditions"
"Painful conditions",51501,"4891020","Lamictal 25mg tablets (Lexon (UK) Ltd)","MULTIPLY_ProdcodeID_painful_conditions"
"Painful conditions",51583,"36324020","Primidone 100mg/5ml oral suspension","MULTIPLY_ProdcodeID_painful_conditions"
"Painful conditions",51751,"78712020","Sodium valproate 200mg gastro-resistant tablets (Wockhardt UK Ltd)","MULTIPLY_ProdcodeID_painful_conditions"
"Painful conditions",51756,"19080020","Keppra 100mg/ml oral solution (Lexon (UK) Ltd)","MULTIPLY_ProdcodeID_painful_conditions"
"Painful conditions",51760,"4705020","Tegretol 400mg tablets (Lexon (UK) Ltd)","MULTIPLY_ProdcodeID_painful_conditions"
"Painful conditions",51839,"5085020","Topamax 25mg sprinkle capsules (Mawdsley-Brooks & Company Ltd)","MULTIPLY_ProdcodeID_painful_conditions"
"Painful conditions",51924,"41881020","Lyrica 20mg/ml oral solution (Pfizer Ltd)","MULTIPLY_ProdcodeID_painful_conditions"
"Painful conditions",52007,"5141020","Keppra 500mg tablets (Sigma Pharmaceuticals Plc)","MULTIPLY_ProdcodeID_painful_conditions"
"Painful conditions",52052,"19427020","Clobazam 4mg/5ml oral suspension","MULTIPLY_ProdcodeID_painful_conditions"
"Painful conditions",52056,"19409020","Clobazam 2.5mg/5ml oral suspension","MULTIPLY_ProdcodeID_painful_conditions"
"Painful conditions",52093,"30413020","Clobazam 100mg/5ml oral suspension","MULTIPLY_ProdcodeID_painful_conditions"
"Painful conditions",52473,"41216020","Vimpat 10mg/ml syrup (UCB Pharma Ltd)","MULTIPLY_ProdcodeID_painful_conditions"
"Painful conditions",52547,"10932020","Lyrica 50mg capsules (Waymade Healthcare Plc)","MULTIPLY_ProdcodeID_painful_conditions"
"Painful conditions",52623,"5151020","Keppra 250mg tablets (Sigma Pharmaceuticals Plc)","MULTIPLY_ProdcodeID_painful_conditions"
"Painful conditions",52680,"30439020","Clobazam 7.5mg/5ml oral solution","MULTIPLY_ProdcodeID_painful_conditions"
"Painful conditions",52751,"34696020","Topiramate 5mg/5ml oral solution","MULTIPLY_ProdcodeID_painful_conditions"
"Painful conditions",52840,"4733020","Tegretol Prolonged Release 400mg tablets (Necessity Supplies Ltd)","MULTIPLY_ProdcodeID_painful_conditions"
"Painful conditions",53016,"19079020","Keppra 100mg/ml oral solution (Sigma Pharmaceuticals Plc)","MULTIPLY_ProdcodeID_painful_conditions"
"Painful conditions",53066,"9860020","Felbamate 600mg tablets","MULTIPLY_ProdcodeID_painful_conditions"
"Painful conditions",53082,"45072020","Perampanel 4mg tablets","MULTIPLY_ProdcodeID_painful_conditions"
"Painful conditions",53172,"91742020","Primidone 50mg capsules","MULTIPLY_ProdcodeID_painful_conditions"
"Painful conditions",53188,"74729020","Carbamazepine 500mg/5ml Oral suspension (Martindale Pharmaceuticals Ltd)","MULTIPLY_ProdcodeID_painful_conditions"
"Painful conditions",53195,"4815020","Epilim Chrono 200 tablets (DE Pharmaceuticals)","MULTIPLY_ProdcodeID_painful_conditions"
"Painful conditions",53197,"4819020","Sodium valproate 300mg modified-release tablets (Sigma Pharmaceuticals Plc)","MULTIPLY_ProdcodeID_painful_conditions"
"Painful conditions",53211,"36907020","Valproic acid 500mg/5ml oral solution","MULTIPLY_ProdcodeID_painful_conditions"
"Painful conditions",53296,"75089020","Gabapentin 300mg capsules (Actavis UK Ltd)","MULTIPLY_ProdcodeID_painful_conditions"
"Painful conditions",53307,"78154020","Levetiracetam 100mg/ml oral solution sugar free (A A H Pharmaceuticals Ltd)","MULTIPLY_ProdcodeID_painful_conditions"
"Painful conditions",53311,"4751020","Clonazepam 500microgram tablets (Phoenix Healthcare Distribution Ltd)","MULTIPLY_ProdcodeID_painful_conditions"
"Painful conditions",53343,"5131020","Keppra 1g tablets (Lexon (UK) Ltd)","MULTIPLY_ProdcodeID_painful_conditions"
"Painful conditions",53476,"5149020","Keppra 250mg tablets (Waymade Healthcare Plc)","MULTIPLY_ProdcodeID_painful_conditions"
"Painful conditions",53492,"4715020","Tegretol Prolonged Release 200mg tablets (Sigma Pharmaceuticals Plc)","MULTIPLY_ProdcodeID_painful_conditions"
"Painful conditions",53501,"4827020","Epilim Chrono 500 tablets (Lexon (UK) Ltd)","MULTIPLY_ProdcodeID_painful_conditions"
"Painful conditions",53524,"4822020","Epilim Chrono 300 tablets (DE Pharmaceuticals)","MULTIPLY_ProdcodeID_painful_conditions"
"Painful conditions",53739,"4756020","Clonazepam 2mg tablets (Sigma Pharmaceuticals Plc)","MULTIPLY_ProdcodeID_painful_conditions"
"Painful conditions",53749,"45177020","Phenytoin sodium 100mg capsules (A A H Pharmaceuticals Ltd)","MULTIPLY_ProdcodeID_painful_conditions"
"Painful conditions",53750,"45175020","Phenytoin sodium 50mg capsules (A A H Pharmaceuticals Ltd)","MULTIPLY_ProdcodeID_painful_conditions"
"Painful conditions",53779,"42196020","Topiramate 25mg capsules (Sandoz Ltd)","MULTIPLY_ProdcodeID_painful_conditions"
"Painful conditions",53780,"42194020","Topiramate 25mg tablets (Sandoz Ltd)","MULTIPLY_ProdcodeID_painful_conditions"
"Painful conditions",53784,"19972020","Gabapentin 300mg/5ml oral solution","MULTIPLY_ProdcodeID_painful_conditions"
"Painful conditions",53846,"45171020","Phenytoin sodium 300mg capsules (A A H Pharmaceuticals Ltd)","MULTIPLY_ProdcodeID_painful_conditions"
"Painful conditions",53893,"4730020","Tegretol Prolonged Release 400mg tablets (Stephar (U.K.) Ltd)","MULTIPLY_ProdcodeID_painful_conditions"
"Painful conditions",54146,"45071020","Fycompa 2mg tablets (Eisai Ltd)","MULTIPLY_ProdcodeID_painful_conditions"
"Painful conditions",54190,"99893020","Trobalt 400mg tablets (GlaxoSmithKline UK Ltd)","MULTIPLY_ProdcodeID_painful_conditions"
"Painful conditions",54194,"45074020","Perampanel 6mg tablets","MULTIPLY_ProdcodeID_painful_conditions"
"Painful conditions",54195,"45076020","Perampanel 8mg tablets","MULTIPLY_ProdcodeID_painful_conditions"
"Painful conditions",54245,"77006020","Topiramate 25mg capsules (A A H Pharmaceuticals Ltd)","MULTIPLY_ProdcodeID_painful_conditions"
"Painful conditions",54276,"74431020","Lamotrigine 5mg dispersible tablets sugar free (Actavis UK Ltd)","MULTIPLY_ProdcodeID_painful_conditions"
"Painful conditions",54445,"4704020","Carbamazepine 400mg tablets (Sigma Pharmaceuticals Plc)","MULTIPLY_ProdcodeID_painful_conditions"
"Painful conditions",54500,"47008020","Levetiracetam 250mg granules sachets sugar free","MULTIPLY_ProdcodeID_painful_conditions"
"Painful conditions",54571,"47006020","Levetiracetam 1g granules sachets sugar free","MULTIPLY_ProdcodeID_painful_conditions"
"Painful conditions",54594,"45066020","Perampanel 10mg tablets","MULTIPLY_ProdcodeID_painful_conditions"
"Painful conditions",54595,"45068020","Perampanel 12mg tablets","MULTIPLY_ProdcodeID_painful_conditions"
"Painful conditions",54609,"46732020","Gabapentin 50mg/ml oral solution sugar free","MULTIPLY_ProdcodeID_painful_conditions"
"Painful conditions",54631,"78241020","Levetiracetam 500mg tablets (Teva UK Ltd)","MULTIPLY_ProdcodeID_painful_conditions"
"Painful conditions",54632,"78238020","Levetiracetam 250mg tablets (Teva UK Ltd)","MULTIPLY_ProdcodeID_painful_conditions"
"Painful conditions",54739,"5145020","Levetiracetam 500mg tablets (Alliance Healthcare (Distribution) Ltd)","MULTIPLY_ProdcodeID_painful_conditions"
"Painful conditions",54759,"47020020","Clobazam 5mg/5ml oral suspension sugar free","MULTIPLY_ProdcodeID_painful_conditions"
"Painful conditions",54828,"34510020","Sodium valproate 600mg/5ml oral solution","MULTIPLY_ProdcodeID_painful_conditions"
"Painful conditions",54872,"45073020","Fycompa 4mg tablets (Eisai Ltd)","MULTIPLY_ProdcodeID_painful_conditions"
"Painful conditions",54873,"37703020","Zonisamide 50mg/5ml oral solution","MULTIPLY_ProdcodeID_painful_conditions"
"Painful conditions",54905,"45077020","Fycompa 8mg tablets (Eisai Ltd)","MULTIPLY_ProdcodeID_painful_conditions"
"Painful conditions",54934,"47021020","Tapclob 5mg/5ml oral suspension (Martindale Pharmaceuticals Ltd)","MULTIPLY_ProdcodeID_painful_conditions"
"Painful conditions",54984,"36498020","Phenytoin 300mg/5ml oral solution","MULTIPLY_ProdcodeID_painful_conditions"
"Painful conditions",55006,"4823020","Sodium valproate 500mg modified-release tablets (Alliance Healthcare (Distribution) Ltd)","MULTIPLY_ProdcodeID_painful_conditions"
"Painful conditions",55019,"31133020","Phenobarbital 250mg/5ml oral suspension","MULTIPLY_ProdcodeID_painful_conditions"
"Painful conditions",55253,"47010020","Levetiracetam 500mg granules sachets sugar free","MULTIPLY_ProdcodeID_painful_conditions"
"Painful conditions",55481,"47018020","Clobazam 10mg/5ml oral suspension sugar free","MULTIPLY_ProdcodeID_painful_conditions"
"Painful conditions",55502,"98623020","Phenobarbital 75mg/5ml oral suspension","MULTIPLY_ProdcodeID_painful_conditions"
"Painful conditions",55535,"78466020","Gabapentin 300mg capsules (Almus Pharmaceuticals Ltd)","MULTIPLY_ProdcodeID_painful_conditions"
"Painful conditions",55624,"43847020","Gabapentin 300mg capsules (Bristol Laboratories Ltd)","MULTIPLY_ProdcodeID_painful_conditions"
"Painful conditions",55644,"4890020","Lamotrigine 25mg tablets (Bristol Laboratories Ltd)","MULTIPLY_ProdcodeID_painful_conditions"
"Painful conditions",55649,"77003020","Topiramate 15mg capsules (A A H Pharmaceuticals Ltd)","MULTIPLY_ProdcodeID_painful_conditions"
"Painful conditions",55796,"31253020","Phenobarbital sodium 15mg/5ml oral solution","MULTIPLY_ProdcodeID_painful_conditions"
"Painful conditions",55904,"60261020","Carbamazepine 100mg tablets (Mylan)","MULTIPLY_ProdcodeID_painful_conditions"
"Painful conditions",55972,"35980020","Pregabalin 150mg/5ml oral solution","MULTIPLY_ProdcodeID_painful_conditions"
"Painful conditions",56076,"39721020","Sodium valproate 500mg/5ml oral suspension","MULTIPLY_ProdcodeID_painful_conditions"
"Painful conditions",56136,"4817020","Epilim Chrono 300 tablets (Waymade Healthcare Plc)","MULTIPLY_ProdcodeID_painful_conditions"
"Painful conditions",56326,"47011020","Desitrend 500mg granules sachets (Desitin Pharma Ltd)","MULTIPLY_ProdcodeID_painful_conditions"
"Painful conditions",56504,"4913020","Lamotrigine 25mg dispersible tablets sugar free (Tillomed Laboratories Ltd)","MULTIPLY_ProdcodeID_painful_conditions"
"Painful conditions",56734,"4694020","Carbamazepine 100mg tablets (Phoenix Healthcare Distribution Ltd)","MULTIPLY_ProdcodeID_painful_conditions"
"Painful conditions",56755,"32593020","Levetiracetam 250mg/5ml oral suspension","MULTIPLY_ProdcodeID_painful_conditions"
"Painful conditions",56781,"47019020","Tapclob 10mg/5ml oral suspension (Martindale Pharmaceuticals Ltd)","MULTIPLY_ProdcodeID_painful_conditions"
"Painful conditions",56786,"43845020","Phenytoin sodium 100mg tablets (Milpharm Ltd)","MULTIPLY_ProdcodeID_painful_conditions"
"Painful conditions",56880,"4767020","Phenobarbital 30mg tablets (Kent Pharmaceuticals Ltd)","MULTIPLY_ProdcodeID_painful_conditions"
"Painful conditions",57120,"70795020","Gabapentin 100mg capsules (Mylan)","MULTIPLY_ProdcodeID_painful_conditions"
"Painful conditions",57247,"31688020","Phenobarbital 100mg/5ml oral suspension","MULTIPLY_ProdcodeID_painful_conditions"
"Painful conditions",57349,"45075020","Fycompa 6mg tablets (Eisai Ltd)","MULTIPLY_ProdcodeID_painful_conditions"
"Painful conditions",57510,"3246020","Frisium 10mg tablets (Waymade Healthcare Plc)","MULTIPLY_ProdcodeID_painful_conditions"
"Painful conditions",57527,"4967020","Neurontin 300mg capsules (Dowelhurst Ltd)","MULTIPLY_ProdcodeID_painful_conditions"
"Painful conditions",57643,"37705020","Zonisamide 50mg/5ml oral suspension","MULTIPLY_ProdcodeID_painful_conditions"
"Painful conditions",57649,"4971020","Gabapentin 300mg capsules (Arrow Generics Ltd)","MULTIPLY_ProdcodeID_painful_conditions"
"Painful conditions",57664,"19483020","Clonazepam 250micrograms/5ml oral suspension","MULTIPLY_ProdcodeID_painful_conditions"
"Painful conditions",57670,"42149020","Topiramate 50mg capsules (Sandoz Ltd)","MULTIPLY_ProdcodeID_painful_conditions"
"Painful conditions",57722,"31326020","Phenobarbital 25mg/5ml oral solution","MULTIPLY_ProdcodeID_painful_conditions"
"Painful conditions",57726,"4718020","Tegretol Prolonged Release 200mg tablets (Mawdsley-Brooks & Company Ltd)","MULTIPLY_ProdcodeID_painful_conditions"
"Painful conditions",57863,"4849020","Lamotrigine 50mg tablets (Alliance Healthcare (Distribution) Ltd)","MULTIPLY_ProdcodeID_painful_conditions"
"Painful conditions",57874,"34589020","Topiramate 12.5mg/5ml oral suspension","MULTIPLY_ProdcodeID_painful_conditions"
"Painful conditions",57898,"31830020","Carbamazepine 100mg/5ml oral suspension","MULTIPLY_ProdcodeID_painful_conditions"
"Painful conditions",58019,"76848020","Topiramate 25mg tablets (Teva UK Ltd)","MULTIPLY_ProdcodeID_painful_conditions"
"Painful conditions",58137,"34672020","Topiramate 100mg/5ml oral solution","MULTIPLY_ProdcodeID_painful_conditions"
"Painful conditions",58162,"35048020","Gabapentin 600mg/5ml oral solution","MULTIPLY_ProdcodeID_painful_conditions"
"Painful conditions",58179,"32591020","Levetiracetam 250mg/5ml oral solution","MULTIPLY_ProdcodeID_painful_conditions"
"Painful conditions",58382,"75086020","Gabapentin 100mg capsules (Actavis UK Ltd)","MULTIPLY_ProdcodeID_painful_conditions"
"Painful conditions",58383,"4993020","Gabapentin 400mg capsules (Almus Pharmaceuticals Ltd)","MULTIPLY_ProdcodeID_painful_conditions"
"Painful conditions",58460,"30223020","Clonazepam 312.5micrograms/5ml oral suspension","MULTIPLY_ProdcodeID_painful_conditions"
"Painful conditions",58472,"19976020","Gabapentin 300mg/5ml oral suspension","MULTIPLY_ProdcodeID_painful_conditions"
"Painful conditions",58482,"75380020","Clonazepam 500microgram tablets (A A H Pharmaceuticals Ltd)","MULTIPLY_ProdcodeID_painful_conditions"
"Painful conditions",58515,"4738020","Tegretol 100mg/5ml liquid (Lexon (UK) Ltd)","MULTIPLY_ProdcodeID_painful_conditions"
"Painful conditions",58527,"47007020","Desitrend 1000mg granules sachets (Desitin Pharma Ltd)","MULTIPLY_ProdcodeID_painful_conditions"
"Painful conditions",58532,"31149020","Phenobarbital 34mg/5ml oral suspension","MULTIPLY_ProdcodeID_painful_conditions"
"Painful conditions",58539,"35240020","Phenytoin 90mg/5ml oral solution","MULTIPLY_ProdcodeID_painful_conditions"
"Painful conditions",58706,"42199020","Levetiracetam 250mg tablets (Zentiva)","MULTIPLY_ProdcodeID_painful_conditions"
"Painful conditions",58846,"4771020","Phenobarbital 30mg tablets (Almus Pharmaceuticals Ltd)","MULTIPLY_ProdcodeID_painful_conditions"
"Painful conditions",58891,"55758020","Phenobarbital 60mg tablets (A A H Pharmaceuticals Ltd)","MULTIPLY_ProdcodeID_painful_conditions"
"Painful conditions",58905,"4779020","Phenobarbital 15mg/5ml elixir (Alliance Healthcare (Distribution) Ltd)","MULTIPLY_ProdcodeID_painful_conditions"
"Painful conditions",58960,"71825020","Gabapentin 100mg capsules (Zentiva)","MULTIPLY_ProdcodeID_painful_conditions"
"Painful conditions",59013,"31189020","Phenobarbital 60mg/5ml oral solution","MULTIPLY_ProdcodeID_painful_conditions"
"Painful conditions",59038,"4741020","Carbamazepine 100mg/5ml oral suspension sugar free (A A H Pharmaceuticals Ltd)","MULTIPLY_ProdcodeID_painful_conditions"
"Painful conditions",59047,"4803020","Mysoline 250mg tablets (DE Pharmaceuticals)","MULTIPLY_ProdcodeID_painful_conditions"
"Painful conditions",59051,"5027020","Topiramate 50mg tablets (Accord Healthcare Ltd)","MULTIPLY_ProdcodeID_painful_conditions"
"Painful conditions",59058,"34690020","Topiramate 20mg/5ml oral suspension","MULTIPLY_ProdcodeID_painful_conditions"
"Painful conditions",59065,"53307020","Phenobarbital 15mg/5ml elixir (Thornton & Ross Ltd)","MULTIPLY_ProdcodeID_painful_conditions"
"Painful conditions",59082,"45176020","Phenytoin sodium 100mg capsules (Alliance Healthcare (Distribution) Ltd)","MULTIPLY_ProdcodeID_painful_conditions"
"Painful conditions",59088,"17794021","Primidone 250mg tablets (SERB)","MULTIPLY_ProdcodeID_painful_conditions"
"Painful conditions",59120,"71040020","Lamotrigine 100mg tablets (A A H Pharmaceuticals Ltd)","MULTIPLY_ProdcodeID_painful_conditions"
"Painful conditions",59125,"4866020","Lamotrigine 100mg tablets (Alliance Healthcare (Distribution) Ltd)","MULTIPLY_ProdcodeID_painful_conditions"
"Painful conditions",59128,"39825020","Levetiracetam 250mg tablets (Accord Healthcare Ltd)","MULTIPLY_ProdcodeID_painful_conditions"
"Painful conditions",59136,"43843020","Phenobarbital 30mg tablets (Bristol Laboratories Ltd)","MULTIPLY_ProdcodeID_painful_conditions"
"Painful conditions",59144,"33693020","Vigabatrin 500mg/5ml oral solution","MULTIPLY_ProdcodeID_painful_conditions"
"Painful conditions",59147,"76489020","Gabapentin 600mg tablets (Zentiva)","MULTIPLY_ProdcodeID_painful_conditions"
"Painful conditions",59196,"35294020","Gabapentin 400mg/5ml oral solution","MULTIPLY_ProdcodeID_painful_conditions"
"Painful conditions",59211,"4696020","Carbamazepine 200mg tablets (Alliance Healthcare (Distribution) Ltd)","MULTIPLY_ProdcodeID_painful_conditions"
"Painful conditions",59232,"4778020","Phenobarbital 15mg/5ml elixir (A A H Pharmaceuticals Ltd)","MULTIPLY_ProdcodeID_painful_conditions"
"Painful conditions",59241,"71175020","Lamotrigine 100mg dispersible tablets sugar free (Teva UK Ltd)","MULTIPLY_ProdcodeID_painful_conditions"
"Painful conditions",59242,"71172020","Lamotrigine 25mg dispersible tablets sugar free (Teva UK Ltd)","MULTIPLY_ProdcodeID_painful_conditions"
"Painful conditions",59273,"71037020","Lamotrigine 50mg tablets (A A H Pharmaceuticals Ltd)","MULTIPLY_ProdcodeID_painful_conditions"
"Painful conditions",59293,"45170020","Phenytoin sodium 300mg capsules (Alliance Healthcare (Distribution) Ltd)","MULTIPLY_ProdcodeID_painful_conditions"
"Painful conditions",59318,"4882020","Lamotrigine 25mg tablets (Alliance Healthcare (Distribution) Ltd)","MULTIPLY_ProdcodeID_painful_conditions"
"Painful conditions",59377,"20738021","Phenytoin sodium 100mg capsules (Actavis UK Ltd)","MULTIPLY_ProdcodeID_painful_conditions"
"Painful conditions",59378,"76010020","Phenytoin sodium 100mg tablets (Wockhardt UK Ltd)","MULTIPLY_ProdcodeID_painful_conditions"
"Painful conditions",59389,"20209021","Primidone 250mg tablets (A A H Pharmaceuticals Ltd)","MULTIPLY_ProdcodeID_painful_conditions"
"Painful conditions",59396,"4752020","Clonazepam 500microgram tablets (Almus Pharmaceuticals Ltd)","MULTIPLY_ProdcodeID_painful_conditions"
"Painful conditions",59413,"17818021","Primidone 50mg tablets (SERB)","MULTIPLY_ProdcodeID_painful_conditions"
"Painful conditions",59428,"38907020","Carbamazepine 100mg tablets (Almus Pharmaceuticals Ltd)","MULTIPLY_ProdcodeID_painful_conditions"
"Painful conditions",59429,"38908020","Carbamazepine 200mg tablets (Almus Pharmaceuticals Ltd)","MULTIPLY_ProdcodeID_painful_conditions"
"Painful conditions",59430,"38909020","Carbamazepine 400mg tablets (Almus Pharmaceuticals Ltd)","MULTIPLY_ProdcodeID_painful_conditions"
"Painful conditions",59451,"17430021","Primidone 250mg tablets (Alliance Healthcare (Distribution) Ltd)","MULTIPLY_ProdcodeID_painful_conditions"
"Painful conditions",59467,"45172020","Phenytoin sodium 25mg capsules (Alliance Healthcare (Distribution) Ltd)","MULTIPLY_ProdcodeID_painful_conditions"
"Painful conditions",59504,"4786020","Phenytoin sodium 100mg tablets (Alliance Healthcare (Distribution) Ltd)","MULTIPLY_ProdcodeID_painful_conditions"
"Painful conditions",59520,"2116007","PHENOBARBITONE 50MG & PHENYTOIN 100MG MG CAP","MULTIPLY_ProdcodeID_painful_conditions"
"Painful conditions",59574,"4763020","Phenobarbital 15mg tablets (Kent Pharmaceuticals Ltd)","MULTIPLY_ProdcodeID_painful_conditions"
"Painful conditions",59609,"71055020","Lamotrigine 100mg dispersible tablets sugar free (A A H Pharmaceuticals Ltd)","MULTIPLY_ProdcodeID_painful_conditions"
"Painful conditions",59622,"45067020","Fycompa 10mg tablets (Eisai Ltd)","MULTIPLY_ProdcodeID_painful_conditions"
"Painful conditions",59696,"4702020","Carbamazepine 400mg tablets (Kent Pharmaceuticals Ltd)","MULTIPLY_ProdcodeID_painful_conditions"
"Painful conditions",59697,"31834020","Carbamazepine 10mg/5ml oral suspension","MULTIPLY_ProdcodeID_painful_conditions"
"Painful conditions",59715,"4768020","Phenobarbital 30mg tablets (Alliance Healthcare (Distribution) Ltd)","MULTIPLY_ProdcodeID_painful_conditions"
"Painful conditions",59745,"16720021","Carbamazepine 100mg/5ml oral suspension sugar free (DE Pharmaceuticals)","MULTIPLY_ProdcodeID_painful_conditions"
"Painful conditions",59746,"16717021","Carbamazepine 100mg tablets (DE Pharmaceuticals)","MULTIPLY_ProdcodeID_painful_conditions"
"Painful conditions",59795,"43842020","Phenobarbital 15mg tablets (Bristol Laboratories Ltd)","MULTIPLY_ProdcodeID_painful_conditions"
"Painful conditions",59838,"17465021","Primidone 50mg tablets (Alliance Healthcare (Distribution) Ltd)","MULTIPLY_ProdcodeID_painful_conditions"
"Painful conditions",59868,"55756020","Phenobarbital 15mg tablets (A A H Pharmaceuticals Ltd)","MULTIPLY_ProdcodeID_painful_conditions"
"Painful conditions",59887,"60262020","Carbamazepine 200mg tablets (Mylan)","MULTIPLY_ProdcodeID_painful_conditions"
"Painful conditions",59917,"20980020","Phenobarbital 50mg/5ml oral solution (Special Order)","MULTIPLY_ProdcodeID_painful_conditions"
"Painful conditions",59964,"47009020","Desitrend 250mg granules sachets (Desitin Pharma Ltd)","MULTIPLY_ProdcodeID_painful_conditions"
"Painful conditions",60059,"4772020","Phenobarbital 60mg tablets (Kent Pharmaceuticals Ltd)","MULTIPLY_ProdcodeID_painful_conditions"
"Painful conditions",60083,"45069020","Fycompa 12mg tablets (Eisai Ltd)","MULTIPLY_ProdcodeID_painful_conditions"
"Painful conditions",60102,"17433021","Sodium valproate 500mg modified-release tablets (J M McGill Ltd)","MULTIPLY_ProdcodeID_painful_conditions"
"Painful conditions",60133,"4727020","Tegretol Prolonged Release 400mg tablets (Sigma Pharmaceuticals Plc)","MULTIPLY_ProdcodeID_painful_conditions"
"Painful conditions",60156,"5083020","Topiramate 25mg capsules (Actavis UK Ltd)","MULTIPLY_ProdcodeID_painful_conditions"
"Painful conditions",60181,"23081021","Carbagen 100mg tablets (Mylan)","MULTIPLY_ProdcodeID_painful_conditions"
"Painful conditions",60187,"23082021","Carbagen 200mg tablets (Mylan)","MULTIPLY_ProdcodeID_painful_conditions"
"Painful conditions",60212,"31322020","Phenobarbital 15mg/5ml oral solution","MULTIPLY_ProdcodeID_painful_conditions"
"Painful conditions",60245,"21032020","Phenytoin 90mg/5ml oral suspension (Drug Tariff Special Order)","MULTIPLY_ProdcodeID_painful_conditions"
"Painful conditions",60268,"71043020","Lamotrigine 200mg tablets (A A H Pharmaceuticals Ltd)","MULTIPLY_ProdcodeID_painful_conditions"
"Painful conditions",60320,"19442020","Clobazam 5mg/5ml oral suspension (Special Order)","MULTIPLY_ProdcodeID_painful_conditions"
"Painful conditions",60332,"4835020","Sodium valproate 200mg/5ml oral solution sugar free (Wockhardt UK Ltd)","MULTIPLY_ProdcodeID_painful_conditions"
"Painful conditions",60389,"20740021","Gabapentin 300mg capsules (Creo Pharma Ltd)","MULTIPLY_ProdcodeID_painful_conditions"
"Painful conditions",60405,"23083021","Carbagen 400mg tablets (Mylan)","MULTIPLY_ProdcodeID_painful_conditions"
"Painful conditions",60424,"4916020","Lamictal 25mg dispersible tablets (Lexon (UK) Ltd)","MULTIPLY_ProdcodeID_painful_conditions"
"Painful conditions",60432,"34674020","Topiramate 10mg/5ml oral solution","MULTIPLY_ProdcodeID_painful_conditions"
"Painful conditions",60543,"35334020","Pregabalin 75mg/5ml oral solution","MULTIPLY_ProdcodeID_painful_conditions"
"Painful conditions",60573,"45174020","Phenytoin sodium 50mg capsules (Alliance Healthcare (Distribution) Ltd)","MULTIPLY_ProdcodeID_painful_conditions"
"Painful conditions",60578,"14527021","Lamotrigine 200mg tablets (Waymade Healthcare Plc)","MULTIPLY_ProdcodeID_painful_conditions"
"Painful conditions",60598,"31255020","Phenobarbital sodium 15mg/5ml oral suspension","MULTIPLY_ProdcodeID_painful_conditions"
"Painful conditions",60648,"31324020","Phenobarbital 15mg/5ml oral suspension","MULTIPLY_ProdcodeID_painful_conditions"
"Painful conditions",60804,"20259020","Lamotrigine 50mg/5ml oral suspension","MULTIPLY_ProdcodeID_painful_conditions"
"Painful conditions",60878,"36884020","Topiramate 15mg/5ml oral solution","MULTIPLY_ProdcodeID_painful_conditions"
"Painful conditions",60978,"21444021","Primidone 50mg tablets (A A H Pharmaceuticals Ltd)","MULTIPLY_ProdcodeID_painful_conditions"
"Painful conditions",61015,"37662020","Clonazepam 500microgram oral lyophilisates sugar free","MULTIPLY_ProdcodeID_painful_conditions"
"Painful conditions",61143,"56862020","Carbamazepine 100mg tablets (Actavis UK Ltd)","MULTIPLY_ProdcodeID_painful_conditions"
"Painful conditions",61166,"39382020","Levetiracetam 100mg/ml oral solution sugar free (Beacon Pharmaceuticals Ltd)","MULTIPLY_ProdcodeID_painful_conditions"
"Painful conditions",61198,"36886020","Topiramate 15mg/5ml oral suspension","MULTIPLY_ProdcodeID_painful_conditions"
"Painful conditions",61217,"20978020","Phenobarbital 50mg/5ml oral suspension (Special Order)","MULTIPLY_ProdcodeID_painful_conditions"
"Painful conditions",61266,"47368020","Gabapentin 300mg capsules (Waymade Healthcare Plc)","MULTIPLY_ProdcodeID_painful_conditions"
"Painful conditions",61375,"31287020","Phenobarbital sodium 50mg/5ml oral suspension","MULTIPLY_ProdcodeID_painful_conditions"
"Painful conditions",61377,"4691020","Carbamazepine 100mg tablets (Kent Pharmaceuticals Ltd)","MULTIPLY_ProdcodeID_painful_conditions"
"Painful conditions",61462,"23727021","Levetiracetam 250mg tablets (DE Pharmaceuticals)","MULTIPLY_ProdcodeID_painful_conditions"
"Painful conditions",61468,"5153020","Keppra 250mg tablets (Necessity Supplies Ltd)","MULTIPLY_ProdcodeID_painful_conditions"
"Painful conditions",61529,"20341021","Desitrend 100mg/ml oral solution (Desitin Pharma Ltd)","MULTIPLY_ProdcodeID_painful_conditions"
"Painful conditions",61623,"39819020","Lamotrigine 50mg tablets (Accord Healthcare Ltd)","MULTIPLY_ProdcodeID_painful_conditions"
"Painful conditions",61624,"39820020","Lamotrigine 100mg tablets (Accord Healthcare Ltd)","MULTIPLY_ProdcodeID_painful_conditions"
"Painful conditions",61625,"39822020","Lamotrigine 200mg tablets (Accord Healthcare Ltd)","MULTIPLY_ProdcodeID_painful_conditions"
"Painful conditions",61626,"4749020","Clonazepam 500microgram tablets (Teva UK Ltd)","MULTIPLY_ProdcodeID_painful_conditions"
"Painful conditions",61630,"76852020","Topiramate 100mg tablets (Teva UK Ltd)","MULTIPLY_ProdcodeID_painful_conditions"
"Painful conditions",61760,"95739020","Vimpat 200mg/20ml solution for infusion vials (UCB Pharma Ltd)","MULTIPLY_ProdcodeID_painful_conditions"
"Painful conditions",61769,"45173020","Phenytoin sodium 25mg capsules (A A H Pharmaceuticals Ltd)","MULTIPLY_ProdcodeID_painful_conditions"
"Painful conditions",61770,"76984020","Topiramate 50mg capsules (Teva UK Ltd)","MULTIPLY_ProdcodeID_painful_conditions"
"Painful conditions",61793,"745021","Matever 750mg tablets (Aspire Pharma Ltd)","MULTIPLY_ProdcodeID_painful_conditions"
"Painful conditions",62173,"31288020","Phenobarbital sodium 50mg/5ml oral suspension (Special Order)","MULTIPLY_ProdcodeID_painful_conditions"
"Painful conditions",62181,"4784020","Phenytoin sodium 100mg tablets (Kent Pharmaceuticals Ltd)","MULTIPLY_ProdcodeID_painful_conditions"
"Painful conditions",62198,"77009020","Topiramate 50mg capsules (A A H Pharmaceuticals Ltd)","MULTIPLY_ProdcodeID_painful_conditions"
"Painful conditions",62306,"76981020","Topiramate 25mg capsules (Teva UK Ltd)","MULTIPLY_ProdcodeID_painful_conditions"
"Painful conditions",62392,"4773020","Phenobarbital 60mg tablets (Alliance Healthcare (Distribution) Ltd)","MULTIPLY_ProdcodeID_painful_conditions"
"Painful conditions",62457,"4692020","Carbamazepine 100mg tablets (Alliance Healthcare (Distribution) Ltd)","MULTIPLY_ProdcodeID_painful_conditions"
"Painful conditions",62538,"56863020","Carbamazepine 200mg tablets (Actavis UK Ltd)","MULTIPLY_ProdcodeID_painful_conditions"
"Painful conditions",62588,"741021","Matever 250mg tablets (Aspire Pharma Ltd)","MULTIPLY_ProdcodeID_painful_conditions"
"Painful conditions",62601,"4765020","Phenobarbital 15mg tablets (Alliance Healthcare (Distribution) Ltd)","MULTIPLY_ProdcodeID_painful_conditions"
"Painful conditions",62637,"57117020","Sodium valproate 200mg gastro-resistant tablets (Actavis UK Ltd)","MULTIPLY_ProdcodeID_painful_conditions"
"Painful conditions",62650,"50270020","Phenytoin 100mg Tablet (Berk Pharmaceuticals Ltd)","MULTIPLY_ProdcodeID_painful_conditions"
"Painful conditions",62869,"4855020","Lamotrigine 50mg tablets (Sigma Pharmaceuticals Plc)","MULTIPLY_ProdcodeID_painful_conditions"
"Painful conditions",62926,"30441020","Clobazam 7.5mg/5ml oral suspension","MULTIPLY_ProdcodeID_painful_conditions"
"Painful conditions",63042,"743021","Matever 500mg tablets (Aspire Pharma Ltd)","MULTIPLY_ProdcodeID_painful_conditions"
"Painful conditions",63069,"44290021","Rewisca 75mg capsules (Consilient Health Ltd)","MULTIPLY_ProdcodeID_painful_conditions"
"Painful conditions",63088,"44289021","Rewisca 50mg capsules (Consilient Health Ltd)","MULTIPLY_ProdcodeID_painful_conditions"
"Painful conditions",63089,"44288021","Rewisca 300mg capsules (Consilient Health Ltd)","MULTIPLY_ProdcodeID_painful_conditions"
"Painful conditions",63090,"44285021","Rewisca 150mg capsules (Consilient Health Ltd)","MULTIPLY_ProdcodeID_painful_conditions"
"Painful conditions",63091,"44284021","Rewisca 100mg capsules (Consilient Health Ltd)","MULTIPLY_ProdcodeID_painful_conditions"
"Painful conditions",63113,"5084020","Topiramate 25mg capsules (Phoenix Healthcare Distribution Ltd)","MULTIPLY_ProdcodeID_painful_conditions"
"Painful conditions",63174,"44286021","Rewisca 200mg capsules (Consilient Health Ltd)","MULTIPLY_ProdcodeID_painful_conditions"
"Painful conditions",63213,"4700020","Tegretol 200mg tablets (Necessity Supplies Ltd)","MULTIPLY_ProdcodeID_painful_conditions"
"Painful conditions",63250,"5068020","Topiramate 25mg tablets (Accord Healthcare Ltd)","MULTIPLY_ProdcodeID_painful_conditions"
"Painful conditions",63271,"36499020","Phenytoin 300mg/5ml oral solution (Special Order)","MULTIPLY_ProdcodeID_painful_conditions"
"Painful conditions",63300,"44287021","Rewisca 25mg capsules (Consilient Health Ltd)","MULTIPLY_ProdcodeID_painful_conditions"
"Painful conditions",63317,"44291021","Rewisca 225mg capsules (Consilient Health Ltd)","MULTIPLY_ProdcodeID_painful_conditions"
"Painful conditions",63341,"4717020","Tegretol Prolonged Release 200mg tablets (Lexon (UK) Ltd)","MULTIPLY_ProdcodeID_painful_conditions"
"Painful conditions",63372,"42197020","Levetiracetam 1g tablets (Zentiva)","MULTIPLY_ProdcodeID_painful_conditions"
"Painful conditions",63375,"30850020","Gabapentin 200mg/5ml oral solution","MULTIPLY_ProdcodeID_painful_conditions"
"Painful conditions",63432,"71828020","Gabapentin 300mg capsules (Zentiva)","MULTIPLY_ProdcodeID_painful_conditions"
"Painful conditions",63504,"76962020","Topiramate 25mg tablets (Actavis UK Ltd)","MULTIPLY_ProdcodeID_painful_conditions"
