Disease,ICD10code,ICD10codeDescr
ADHD and hyperkinetic disorders,F90,Hyperkinetic disorders
Adrenal insufficiency and Addison's disease,A18.7,Tuberculosis of adrenal glands
Adrenal insufficiency and Addison's disease,E27,Other disorders of adrenal gland
Adrenal insufficiency and Addison's disease,E27.2,Addisonian crisis
Adrenal insufficiency and Addison's disease,E27.8,Other specified disorders of adrenal gland
Adrenal insufficiency and Addison's disease,E27.9,"Disorder of adrenal gland, unspecified"
Adrenal insufficiency and Addison's disease,E35.1,Disorders of adrenal glands in diseases classified elsewhere
Alcohol dependence and related disease,F10.1,Mental and behavioural disorders due to use of alcohol - Harmful use
Alcohol dependence and related disease,F10.2,Mental and behavioural disorders due to use of alcohol - Dependence syndrome
Alcohol dependence and related disease,F10.3,Mental and behavioural disorders due to use of alcohol - Withdrawal state
Alcohol dependence and related disease,F10.4,Mental and behavioural disorders due to use of alcohol - Withdrawal state with delirium
Alcohol dependence and related disease,F10.5,Mental and behavioural disorders due to use of alcohol - Psychotic disorder
Alcohol dependence and related disease,F10.6,Mental and behavioural disorders due to use of alcohol - Amnesic syndrome
Alcohol dependence and related disease,F10.7,Mental and behavioural disorders due to use of alcohol - Residual and late-onset psychotic disorder
Alcohol dependence and related disease,F10.8,Mental and behavioural disorders due to use of alcohol - Other mental and behavioural disorders
Alcohol dependence and related disease,F10.9,Mental and behavioural disorders due to use of alcohol - Unspecified mental and behavioural disorder
Alcohol dependence and related disease,E24.4,Alcohol-induced pseudo-Cushing's syndrome
Alcohol dependence and related disease,G31.2,Degeneration of nervous system due to alcohol
Alcohol dependence and related disease,G62.1,Alcoholic polyneuropathy
Alcohol dependence and related disease,G72.1,Alcoholic myopathy
Alcohol dependence and related disease,I42.6,Alcoholic cardiomyopathy
Alcohol dependence and related disease,K29.2,Alcoholic gastritis
Alcohol dependence and related disease,K70,Alcoholic liver disease
Alcohol dependence and related disease,K85.2,Alcohol-induced acute pancreatitis
Alcohol dependence and related disease,K86.0,Alcohol-induced chronic pancreatitis
Alcohol dependence and related disease,Z50.2,Alcohol rehabilitation
Alcohol dependence and related disease,Z71.4,Alcohol abuse counselling and surveillance
Allergic and chronic rhinitis,J30.1,Allergic rhinitis due to pollen
Allergic and chronic rhinitis,J30.2,Other seasonal allergic rhinitis
Allergic and chronic rhinitis,J30.3,Other allergic rhinitis
Allergic and chronic rhinitis,J30.4,Allergic rhinitis
Allergic and chronic rhinitis,J31.0,Chronic rhinitis
Alopecia areata and scarring alopecia,L63,Alopecia areata
Ankylosing spondylitis,M45,Ankylosing spondylitis
Anxiety and phobia,F40,Phobic anxiety disorders
Anxiety and phobia,F41,Other anxiety disorders
Aortic aneurysm,I714,Abdominal aortic aneurysm without mention of rupture
Aortic aneurysm,I716,Thoracoabdominal aortic aneurysm without mention of rupture
Aortic aneurysm,I719,Aortic aneurysm of unspecified site without mention of rupture
Aplastic anaemias,D60,Acquired pure red cell aplasia [erythroblastopenia]
Aplastic anaemias,D61,Other aplastic anaemias
Asbestosis,J61,Pneumoconiosis due to asbestos and other mineral fibres
Asthma,J45,Asthma
Asthma,J46,Status asthmaticus
Atrial fibrillation and flutter,I48,Atrial fibrillation and flutter
Autism and Asperger's syndrome,F84.0,Childhood autism
Autism and Asperger's syndrome,F84.1,Atypical autism
Autism and Asperger's syndrome,F84.5,Asperger's syndrome
Autoimmune liver disease,K74.3,Primary biliary cirrhosis
Autoimmune liver disease,K75.4,Autoimmune hepatitis
Barrett's oesophagus,K22.7,Barrett's oesophagus
Bipolar affective disorder and mania,F30,Manic episode
Bipolar affective disorder and mania,F31,Bipolar affective disorder
Blistering autoimmune skin conditions,H13.3,Ocular pemphigoid
Blistering autoimmune skin conditions,L10,Pemphigus
Blistering autoimmune skin conditions,L10.0,Pemphigus vulgaris
Blistering autoimmune skin conditions,L10.1,Pemphigus vegetans
Blistering autoimmune skin conditions,L10.2,Pemphigus foliaceus
Blistering autoimmune skin conditions,L10.3,Brazilian pemphigus [fogo selvagem]
Blistering autoimmune skin conditions,L10.4,Pemphigus erythematosus
Blistering autoimmune skin conditions,L10.5,Drug-induced pemphigus
Blistering autoimmune skin conditions,L10.8,Other pemphigus
Blistering autoimmune skin conditions,L10.9,"Pemphigus, unspecified"
Blistering autoimmune skin conditions,L12,Pemphigoid
Blistering autoimmune skin conditions,L12.0,Bullous pemphigoid
Blistering autoimmune skin conditions,L12.1,Cicatricial pemphigoid
Blistering autoimmune skin conditions,L12.8,Other pemphigoid
Blistering autoimmune skin conditions,L12.9,"Pemphigoid, unspecified"
Blistering autoimmune skin conditions,L13.0,Dermatitis herpetiformis
Bronchiectasis,J47,Bronchiectasis
Bronchiectasis,Q33.4,Congenital bronchiectasis
Cardiac conduction defects,I44.2,"Atrioventricular block, complete"
Cardiac conduction defects,I44.1,"Atrioventricular block, second degree"
Cardiac conduction defects,I44.7,Left bundle-branch block
Cardiac conduction defects,I45.3,Trifascicular block
Cardiomyopathy other,I42.0,Dilated cardiomyopathy
Cardiomyopathy other,I42.6,Alcoholic cardiomyopathy
Cardiomyopathy other,I25.5,Ischaemic cardiomyopathy
Cardiomyopathy other,I42.3,Endomyocardial (eosinophilic) disease
Cardiomyopathy other,I42.5,Other restrictive cardiomyopathy
Cardiomyopathy other,I42.7,Cardiomyopathy due to drugs and other external agents
Cardiomyopathy other,I42.8,Other cardiomyopathies
Cardiomyopathy other,I42.9,Cardiomyopathy
Cardiomyopathy other,I43,Cardiomyopathy in diseases classified elsewhere
Cerebral Palsy,G80,Cerebral palsy
Cerebrovascular disease,I63.0,Cerebral infarction due to thrombosis of precerebral arteries
Cerebrovascular disease,I63.1,Cerebral infarction due to embolism of precerebral arteries
Cerebrovascular disease,I63.2,Cerebral infarction due to unspecified occlusion or stenosis of precerebral arteries
Cerebrovascular disease,I63.3,Cerebral infarction due to thrombosis of cerebral arteries
Cerebrovascular disease,I63.4,Cerebral infarction due to embolism of cerebral arteries
Cerebrovascular disease,I63.5,Cerebral infarction due to unspecified occlusion or stenosis of cerebral arteries
Cerebrovascular disease,I63.8,Other cerebral infarction
Cerebrovascular disease,I63.9,Cerebral infarction
Cerebrovascular disease,I69.3,Sequelae of cerebral infarction
Cerebrovascular disease,G46.3,Brain stem stroke syndrome
Cerebrovascular disease,G46.4,Cerebellar stroke syndrome
Cerebrovascular disease,G46.5,Pure motor lacunar syndrome
Cerebrovascular disease,G46.6,Pure sensory lacunar syndrome
Cerebrovascular disease,G46.7,Other lacunar syndromes
Cerebrovascular disease,G46.8,Other vascular syndromes of brain in cerebrovascular diseases
Cerebrovascular disease,I64,Stroke
Cerebrovascular disease,I69.4,Sequelae of stroke
Cerebrovascular disease,G45.0,Vertebro-basilar artery syndrome
Cerebrovascular disease,G45.1,Carotid artery syndrome (hemispheric)
Cerebrovascular disease,G45.2,Multiple and bilateral precerebral artery syndromes
Cerebrovascular disease,G45.3,Amaurosis fugax
Cerebrovascular disease,G45.4,Transient global amnesia
Cerebrovascular disease,G45.8,Other transient cerebral ischaemic attacks and related syndromes
Cerebrovascular disease,G45.9,Transient cerebral ischaemic attack
Cerebrovascular disease,G46.0,Middle cerebral artery syndrome
Cerebrovascular disease,G46.1,Anterior cerebral artery syndrome
Cerebrovascular disease,G46.2,Posterior cerebral artery syndrome
Cerebrovascular disease,I65,Occlusion and stenosis of precerebral arteries
Cerebrovascular disease,I66,Occlusion and stenosis of cerebral arteries
Cervical carcinoma in situ,D06,Carcinoma in situ of cervix uteri
Cervical carcinoma in situ,N87,Dysplasia of cervix uteri
Cholelithiasis,K80,Cholelithiasis
Chronic fatigue,G93.3,Postviral fatigue syndrome
Chronic fatigue,F48.0,Neurasthenia
Chronic fatigue,M79.7,Fibromyalgia
Chronic Kidney Disease,I12,Hypertensive renal disease
Chronic Kidney Disease,I12.0,Hypertensive renal disease with renal failure
Chronic Kidney Disease,I12.9,Hypertensive renal disease without renal failure
Chronic Kidney Disease,I13,Hypertensive heart and renal disease
Chronic Kidney Disease,I13.0,Hypertensive heart and renal disease with (congestive) heart failure
Chronic Kidney Disease,I13.1,Hypertensive heart and renal disease with renal failure
Chronic Kidney Disease,I13.2,Hypertensive heart and renal disease with both (congestive) heart failure and renal failure
Chronic Kidney Disease,I13.9,"Hypertensive heart and renal disease, unspecified"
Chronic Kidney Disease,N18,Chronic kidney disease
Chronic Kidney Disease,N18.1,"Chronic kidney disease, stage 1"
Chronic Kidney Disease,N18.2,"Chronic kidney disease, stage 2"
Chronic Kidney Disease,N18.3,"Chronic kidney disease, stage 3"
Chronic Kidney Disease,N18.4,"Chronic kidney disease, stage 4"
Chronic Kidney Disease,N18.5,"Chronic kidney disease, stage 5"
Chronic Kidney Disease,N18.9,"Chronic kidney disease, unspecified"
Chronic Kidney Disease,O10.2,"Pre-existing hypertensive renal disease complicating pregnancy, childbirth and the puerperium"
Chronic Kidney Disease,O10.3,"Pre-existing hypertensive heart and renal disease complicating pregnancy, childbirth and the puerperium"
Chronic Kidney Disease,Q61,Cystic kidney disease
Chronic Kidney Disease,Q61.8,Other cystic kidney diseases
Chronic Kidney Disease,Q61.9,"Cystic kidney disease, unspecified"
Chronic Kidney Disease,N01,Rapidly progressive nephritic syndrome
Chronic Kidney Disease,N03,Chronic nephritic syndrome
Chronic Kidney Disease,N04,Nephrotic syndrome
Chronic Kidney Disease,N05,Unspecified nephritic syndrome
Chronic Kidney Disease,N07,"Hereditary nephropathy, not elsewhere classified"
Chronic Kidney Disease,N08,Glomerular disorders in diseases classified elsewhere
Chronic Kidney Disease,N11,Chronic tubulo-interstitial nephritis
Chronic Kidney Disease,Q60,Renal agenesis and other reduction defects of kidney
Chronic Kidney Disease,Q61.1,"Polycystic kidney, autosomal recessive"
Chronic Kidney Disease,Q61.2,"Polycystic kidney, autosomal dominant"
Chronic Kidney Disease,Q61.3,"Polycystic kidney, unspecified"
Chronic Kidney Disease,Q61.4,Renal dysplasia
Chronic Kidney Disease,Q61.5,Medullary cystic kidney
Chronic Kidney Disease,Z90.5,Acquired absence of kidney
Chronic Kidney Disease,Z94.0,Kidney transplant status
Chronic sinusitis,J32,Chronic sinusitis
Chronic ulcer of the skin,A66.4,Gummata and ulcers of yaws
Chronic ulcer of the skin,I83.0,Varicose veins of lower extremities with ulcer
Chronic ulcer of the skin,I83.2,Varicose veins of lower extremities with both ulcer and inflammation
Chronic ulcer of the skin,I83.9,Varicose veins of lower extremities without ulcer or inflammation
Chronic ulcer of the skin,L89,Decubitus ulcer and pressure area
Chronic ulcer of the skin,L89.0,Stage I decubitus ulcer and pressure area
Chronic ulcer of the skin,L89.1,Stage II decubitus ulcer
Chronic ulcer of the skin,L89.2,Stage III decubitus ulcer
Chronic ulcer of the skin,L89.3,Stage IV decubitus ulcer
Chronic ulcer of the skin,L89.9,"Decubitus ulcer and pressure area, unspecified"
Chronic ulcer of the skin,L97,"Ulcer of lower limb, not elsewhere classified"
Chronic ulcer of the skin,L98.4,"Chronic ulcer of skin, not elsewhere classified"
Chronic viral hepatitis,B18,Chronic viral hepatitis
Coeliac disease,K90.0,Coeliac disease
Collapsed vertebra,M48.5,Collapsed vertebra
Collapsed vertebra,M49.5,Collapsed vertebra in diseases classified elsewhere
Congenital cardiac disease,Q21,Congenital malformations of cardiac septa
Constipation,K59.0,Constipation
COPD,J40,Bronchitis
COPD,J41,Simple and mucopurulent chronic bronchitis
COPD,J42,Unspecified chronic bronchitis
COPD,J43,Emphysema
COPD,J44,Other chronic obstructive pulmonary disease
Coronary heart disease,I250,"Atherosclerotic cardiovascular disease, so described"
Coronary heart disease,I251,Atherosclerotic heart disease
Coronary heart disease,I253,Aneurysm of heart
Coronary heart disease,I254,Coronary artery aneurysm
Coronary heart disease,I255,Ischaemic cardiomyopathy
Coronary heart disease,I256,Silent myocardial ischaemia
Coronary heart disease,I258,Other forms of chronic ischaemic heart disease
Coronary heart disease,I259,"Chronic ischaemic heart disease, unspecified"
Coronary heart disease,I252,Old myocardial infarction
Coronary heart disease,I21,Acute myocardial infarction
Coronary heart disease,I22,Subsequent myocardial infarction
Coronary heart disease,I23,Certain current complications following acute myocardial infarction
Coronary heart disease,I241,Dressler's syndrome
Coronary heart disease,I201,Angina pectoris with documented spasm
Coronary heart disease,I208,Other forms of angina pectoris
Coronary heart disease,I209,Angina pectoris
Coronary heart disease,I200,Unstable angina
Crohn's disease,K50,Crohn's disease [regional enteritis]
Cystic Fibrosis,E84,Cystic fibrosis
Dementia,F00,Dementia in Alzheimer's disease
Dementia,F01,Vascular dementia
Dementia,F03,Unspecified dementia
Dementia,F05.1,Delirium superimposed on dementia
Dementia,G30,Alzheimer's disease
Depression,F32,Depressive episode
Depression,F33,Recurrent depressive disorder
Dermatitis (atopc/contact/other/unspecified),L20,Atopic dermatitis
Dermatitis (atopc/contact/other/unspecified),L23,Allergic contact dermatitis
Dermatitis (atopc/contact/other/unspecified),L24,Irritant contact dermatitis
Dermatitis (atopc/contact/other/unspecified),L25,Unspecified contact dermatitis
Dermatitis (atopc/contact/other/unspecified),L27,Dermatitis due to substances taken internally
Dermatitis (atopc/contact/other/unspecified),L26,Exfoliative dermatitis
Dermatitis (atopc/contact/other/unspecified),L28,Lichen simplex chronicus and prurigo
Dermatitis (atopc/contact/other/unspecified),L30.0,Nummular dermatitis
Dermatitis (atopc/contact/other/unspecified),L30.1,Dyshidrosis [pompholyx]
Dermatitis (atopc/contact/other/unspecified),L30.2,Cutaneous autosensitization
Dermatitis (atopc/contact/other/unspecified),L30.5,Pityriasis alba
Dermatitis (atopc/contact/other/unspecified),L30.8,Other specified dermatitis
Dermatitis (atopc/contact/other/unspecified),L30.9,Dermatitis
Diabetes,E10,Insulin-dependent diabetes mellitus
Diabetes,E11,Non-insulin-dependent diabetes mellitus
Diabetes,E12,Malnutrition-related diabetes mellitus
Diabetes,O242,Diabetes mellitus in pregnancy: Pre-existing malnutrition-related diabetes mellitus
Diabetes,E13,Other specified diabetes mellitus
Diabetes,E14,Unspecified diabetes mellitus
Diabetes,G590,Diabetic mononeuropathy
Diabetes,G632,Diabetic polyneuropathy
Diabetes,H280,Diabetic cataract
Diabetes,H360,Diabetic retinopathy
Diabetes,M142,Diabetic arthropathy
Diabetes,N083,Glomerular disorders in diabetes mellitus
Diabetes,O240,Diabetes mellitus in pregnancy: Pre-existing diabetes mellitus
Diabetes,O241,Diabetes mellitus in pregnancy: Pre-existing diabetes mellitus
Diabetes,O243,Diabetes mellitus in pregnancy: Pre-existing diabetes mellitus
Diabetic eye disease,H35.0,Background retinopathy and retinal vascular changes
Diabetic eye disease,H35.2,Other proliferative retinopathy
Diabetic eye disease,E10.3,Insulin-dependent diabetes mellitus - With ophthalmic complications
Diabetic eye disease,E11.3,Non-insulin-dependent diabetes mellitus - With ophthalmic complications
Diabetic eye disease,E12.3,Malnutrition-related diabetes mellitus - With ophthalmic complications
Diabetic eye disease,E13.3,Other specified diabetes mellitus - With ophthalmic complications
Diabetic eye disease,E14.3,Unspecified diabetes mellitus - With ophthalmic complications
Diabetic eye disease,H28.0,Diabetic cataract
Diabetic eye disease,H36.0,Diabetic retinopathy
Diabetic neurological complications,E10.4,Insulin-dependent diabetes mellitus - With neurological complications
Diabetic neurological complications,E11.4,Non-insulin-dependent diabetes mellitus - With neurological complications
Diabetic neurological complications,E12.4,Malnutrition-related diabetes mellitus - With neurological complications
Diabetic neurological complications,E13.4,Other specified diabetes mellitus - With neurological complications
Diabetic neurological complications,E14.4,Unspecified diabetes mellitus - With neurological complications
Diabetic neurological complications,G59.0,Diabetic mononeuropathy
Diabetic neurological complications,G63.2,Diabetic polyneuropathy
Disorders of autonomic nervous system,G90,Disorders of autonomic nervous system
Disorders of autonomic nervous system,G99.0,Autonomic neuropathy in endocrine and metabolic diseases
Disorders of autonomic nervous system,G99.1,Other disorders of autonomic nervous system in other diseases classified elsewhere
Disorders of autonomic nervous system,M89.0,Algoneurodystrophy
Diverticular disease of intestine,K38.2,Diverticulum of appendix
Diverticular disease of intestine,K57,Diverticular disease of intestine
Down's syndrome,Q90,Down's syndrome
Dysmenorrhoea,N94.4,Primary dysmenorrhoea
Dysmenorrhoea,N94.5,Secondary dysmenorrhoea
Dysmenorrhoea,N94.6,Dysmenorrhoea
Eating disorders,F50.0,Anorexia nervosa
Eating disorders,F50.1,Atypical anorexia nervosa
Eating disorders,F50.2,Bulimia nervosa
Eating disorders,F50.3,Atypical bulimia nervosa
End stage renal disease,N18.5,Chronic kidney disease
End stage renal disease,T82.4,Mechanical complication of vascular dialysis catheter
End stage renal disease,Y60.2,During kidney dialysis or other perfusion
End stage renal disease,Y61.2,During kidney dialysis or other perfusion
End stage renal disease,Y84.1,Kidney dialysis
End stage renal disease,Z49.1,Extracorporeal dialysis
End stage renal disease,Z49.2,Other dialysis
End stage renal disease,Z99.2,Dependence on renal dialysis
End stage renal disease,N16.5,Renal tubulo-interstitial disorders in transplant rejection
End stage renal disease,T86.1,Kidney transplant failure and rejection
End stage renal disease,Z94.0,Kidney transplant status
Endometriosis,N80,Endometriosis
Enteropathic arthropathy,M07.4,Arthropathy in Crohn's disease [regional enteritis]
Enteropathic arthropathy,M07.5,Arthropathy in ulcerative colitis
Enteropathic arthropathy,M07.6,Other enteropathic arthropathies
Enthesopathies & synovial disorders,M46.0,Spinal enthesopathy
Enthesopathies & synovial disorders,M65.2,Calcific tendinitis
Enthesopathies & synovial disorders,M65.3,Trigger finger
Enthesopathies & synovial disorders,M65.4,Radial styloid tenosynovitis [de Quervain]
Enthesopathies & synovial disorders,M65.8,Other synovitis and tenosynovitis
Enthesopathies & synovial disorders,M65.9,Synovitis and tenosynovitis
Enthesopathies & synovial disorders,M66,Spontaneous rupture of synovium and tendon
Enthesopathies & synovial disorders,M70,Soft tissue disorders related to use
Enthesopathies & synovial disorders,M71.2,Synovial cyst of popliteal space [Baker]
Enthesopathies & synovial disorders,M71.3,Other bursal cyst
Enthesopathies & synovial disorders,M71.4,Calcium deposit in bursa
Enthesopathies & synovial disorders,M71.5,Other bursitis
Enthesopathies & synovial disorders,M71.8,Other specified bursopathies
Enthesopathies & synovial disorders,M71.9,Bursopathy
Enthesopathies & synovial disorders,M75,Shoulder lesions
Enthesopathies & synovial disorders,M76,Enthesopathies of lower limb
Enthesopathies & synovial disorders,M77.0,Medial epicondylitis
Enthesopathies & synovial disorders,M77.1,Lateral epicondylitis
Enthesopathies & synovial disorders,M77.2,Periarthritis of wrist
Enthesopathies & synovial disorders,M77.3,Calcaneal spur
Enthesopathies & synovial disorders,M77.5,Other enthesopathy of foot
Enthesopathies & synovial disorders,M77.8,Other enthesopathies
Enthesopathies & synovial disorders,M77.9,Enthesopathy
Epilepsy,G40,Epilepsy
Epilepsy,G41,Status epilepticus
Erectile dysfunction,F52.2,Failure of genital response
Erectile dysfunction,N48.4,Impotence of organic origin
Female genital prolapse,N81,Female genital prolapse
Female infertility,N97,Female infertility
Fibromyalgia,M79.7,Fibromyalgia
Folate deficiency anaemia,D52,Folate deficiency anaemia
Fracture of hip,S72.0,Fracture of neck of femur
Fracture of hip,S72.1,Pertrochanteric fracture
Fracture of hip,S72.2,Subtrochanteric fracture
Gastritis and duodenitis,K29,Gastritis and duodenitis
Gastro-oesophageal reflux disease,K21,Gastro-oesophageal reflux disease
Gastrointestinal angiodysplasia,K55.2,Angiodysplasia of colon
Giant Cell arteritis,M31.5,Giant cell arteritis with polymyalgia rheumatica
Giant Cell arteritis,M31.6,Other giant cell arteritis
Glaucoma,H40.1,Primary open-angle glaucoma
Glaucoma,H40.2,Primary angle-closure glaucoma
Glaucoma,H40.9,Glaucoma
Glomerulonephritis,N00.0,Acute nephritic syndrome - Minor glomerular abnormality
Glomerulonephritis,N00.1,Acute nephritic syndrome - Focal and segmental glomerular lesions
Glomerulonephritis,N00.2,Acute nephritic syndrome - Diffuse membranous glomerulonephritis
Glomerulonephritis,N00.3,Acute nephritic syndrome - Diffuse mesangial proliferative glomerulonephritis
Glomerulonephritis,N00.4,Acute nephritic syndrome - Diffuse endocapillary proliferative glomerulonephritis
Glomerulonephritis,N00.5,Acute nephritic syndrome - Diffuse mesangiocapillary glomerulonephritis
Glomerulonephritis,N00.6,Acute nephritic syndrome - Dense deposit disease
Glomerulonephritis,N00.7,Acute nephritic syndrome - Diffuse crescentic glomerulonephritis
Glomerulonephritis,N00.8,Acute nephritic syndrome - Other
Glomerulonephritis,N00.9,Acute nephritic syndrome - Unspecified
Glomerulonephritis,N01.0,Rapidly progressive nephritic syndrome - Minor glomerular abnormality
Glomerulonephritis,N01.1,Rapidly progressive nephritic syndrome - Focal and segmental glomerular lesions
Glomerulonephritis,N01.2,Rapidly progressive nephritic syndrome - Diffuse membranous glomerulonephritis
Glomerulonephritis,N01.3,Rapidly progressive nephritic syndrome - Diffuse mesangial proliferative glomerulonephritis
Glomerulonephritis,N01.4,Rapidly progressive nephritic syndrome - Diffuse endocapillary proliferative glomerulonephritis
Glomerulonephritis,N01.5,Rapidly progressive nephritic syndrome - Diffuse mesangiocapillary glomerulonephritis
Glomerulonephritis,N01.7,Rapidly progressive nephritic syndrome - Diffuse crescentic glomerulonephritis
Glomerulonephritis,N01.8,Rapidly progressive nephritic syndrome - Other
Glomerulonephritis,N01.9,Rapidly progressive nephritic syndrome - Unspecified
Glomerulonephritis,N02.0,Recurrent and persistent haematuria - Minor glomerular abnormality
Glomerulonephritis,N02.1,Recurrent and persistent haematuria - Focal and segmental glomerular lesions
Glomerulonephritis,N02.2,Recurrent and persistent haematuria - Diffuse membranous glomerulonephritis
Glomerulonephritis,N02.3,Recurrent and persistent haematuria - Diffuse mesangial proliferative glomerulonephritis
Glomerulonephritis,N02.4,Recurrent and persistent haematuria - Diffuse endocapillary proliferative glomerulonephritis
Glomerulonephritis,N02.5,Recurrent and persistent haematuria - Diffuse mesangiocapillary glomerulonephritis
Glomerulonephritis,N02.6,Recurrent and persistent haematuria - Dense deposit disease
Glomerulonephritis,N02.7,Recurrent and persistent haematuria - Diffuse crescentic glomerulonephritis
Glomerulonephritis,N02.8,Recurrent and persistent haematuria - Other
Glomerulonephritis,N02.9,Recurrent and persistent haematuria - Unspecified
Glomerulonephritis,N03.0,Chronic nephritic syndrome - Minor glomerular abnormality
Glomerulonephritis,N03.1,Chronic nephritic syndrome - Focal and segmental glomerular lesions
Glomerulonephritis,N03.2,Chronic nephritic syndrome - Diffuse membranous glomerulonephritis
Glomerulonephritis,N03.3,Chronic nephritic syndrome - Diffuse mesangial proliferative glomerulonephritis
Glomerulonephritis,N03.4,Chronic nephritic syndrome - Diffuse endocapillary proliferative glomerulonephritis
Glomerulonephritis,N03.5,Chronic nephritic syndrome - Diffuse mesangiocapillary glomerulonephritis
Glomerulonephritis,N03.6,Chronic nephritic syndrome - Dense deposit disease
Glomerulonephritis,N03.7,Chronic nephritic syndrome - Diffuse crescentic glomerulonephritis
Glomerulonephritis,N03.8,Chronic nephritic syndrome - Other
Glomerulonephritis,N03.9,Chronic nephritic syndrome - Unspecified
Glomerulonephritis,N04.0,Nephrotic syndrome - Minor glomerular abnormality
Glomerulonephritis,N04.1,Nephrotic syndrome - Focal and segmental glomerular lesions
Glomerulonephritis,N04.2,Nephrotic syndrome - Diffuse membranous glomerulonephritis
Glomerulonephritis,N04.3,Nephrotic syndrome - Diffuse mesangial proliferative glomerulonephritis
Glomerulonephritis,N04.4,Nephrotic syndrome - Diffuse endocapillary proliferative glomerulonephritis
Glomerulonephritis,N04.5,Nephrotic syndrome - Diffuse mesangiocapillary glomerulonephritis
Glomerulonephritis,N04.6,Nephrotic syndrome - Dense deposit disease
Glomerulonephritis,N04.7,Nephrotic syndrome - Diffuse crescentic glomerulonephritis
Glomerulonephritis,N04.8,Nephrotic syndrome - Other
Glomerulonephritis,N04.9,Nephrotic syndrome - Unspecified
Glomerulonephritis,N05.0,Unspecified nephritic syndrome - Minor glomerular abnormality
Glomerulonephritis,N05.1,Unspecified nephritic syndrome - Focal and segmental glomerular lesions
Glomerulonephritis,N05.2,Unspecified nephritic syndrome - Diffuse membranous glomerulonephritis
Glomerulonephritis,N05.3,Unspecified nephritic syndrome - Diffuse mesangial proliferative glomerulonephritis
Glomerulonephritis,N05.4,Unspecified nephritic syndrome - Diffuse endocapillary proliferative glomerulonephritis
Glomerulonephritis,N05.5,Unspecified nephritic syndrome - Diffuse mesangiocapillary glomerulonephritis
Glomerulonephritis,N05.6,Unspecified nephritic syndrome - Dense deposit disease
Glomerulonephritis,N05.7,Unspecified nephritic syndrome - Diffuse crescentic glomerulonephritis
Glomerulonephritis,N05.8,Unspecified nephritic syndrome - Other
Glomerulonephritis,N05.9,Unspecified nephritic syndrome - Unspecified
Glomerulonephritis,N06.0,Isolated proteinuria with specified morphological lesion - Minor glomerular abnormality
Glomerulonephritis,N06.1,Isolated proteinuria with specified morphological lesion - Focal and segmental glomerular lesions
Glomerulonephritis,N06.2,Isolated proteinuria with specified morphological lesion - Diffuse membranous glomerulonephritis
Glomerulonephritis,N06.3,Isolated proteinuria with specified morphological lesion - Diffuse mesangial proliferative glomerulonephritis
Glomerulonephritis,N06.5,Isolated proteinuria with specified morphological lesion - Diffuse mesangiocapillary glomerulonephritis
Glomerulonephritis,N06.6,Isolated proteinuria with specified morphological lesion - Dense deposit disease
Glomerulonephritis,N06.8,Isolated proteinuria with specified morphological lesion - Other
Glomerulonephritis,N06.9,Isolated proteinuria with specified morphological lesion - Unspecified
Gout,M10,Gout
Gout,M14.0,Gouty arthropathy due to enzyme defects and other inherited disorders
Hearing loss,H90,Conductive and sensorineural hearing loss
Hearing loss,H91,Other hearing loss
Hearing loss,Z45.3,Adjustment and management of implanted hearing device
Hearing loss,Z46.1,Fitting and adjustment of hearing aid
Hearing loss,Z97.4,Presence of external hearing-aid
Heart failure,I11.0,Hypertensive heart disease with (congestive) heart failure
Heart failure,I13.0,Hypertensive heart and renal disease with (congestive) heart failure
Heart failure,I13.2,Hypertensive heart and renal disease with both (congestive) heart failure and renal failure
Heart failure,I50,Heart failure
Heart valve disease non-rheumatic,I08,Multiple valve diseases
Heart valve disease non-rheumatic,I35,Nonrheumatic aortic valve disorders
Heart valve disease non-rheumatic,I34,Nonrheumatic mitral valve disorders
Hidradenitis suppurativa,L73.2,Hidradenitis suppurativa
HIV,B20,Human immunodeficiency virus [HIV] disease resulting in infectious and parasitic diseases
HIV,B21,Human immunodeficiency virus [HIV] disease resulting in malignant neoplasms
HIV,B22,Human immunodeficiency virus [HIV] disease resulting in other specified diseases
HIV,B23,Human immunodeficiency virus [HIV] disease resulting in other conditions
HIV,B24,Unspecified human immunodeficiency virus [HIV] disease
HIV,F02.4,Dementia in human immunodeficiency virus [HIV] disease
HIV,R75,Laboratory evidence of human immunodeficiency virus [HIV]
HIV,Z21,Asymptomatic human immunodeficiency virus [HIV] infection status
Hodgkin Lymphoma,C81,Hodgkin lymphoma
Hyperparathyroidism,E21.0,Primary hyperparathyroidism
Hyperparathyroidism,E21.1,Secondary hyperparathyroidism not elsewhere classified
Hyperparathyroidism,E21.2,Other hyperparathyroidism
Hyperparathyroidism,E21.3,Hyperparathyroidism unspecified
Hyperplasia of prostate,N40,Hyperplasia of prostate
Hyperprolactinaemia and prolactinoma,E22.1,Hyperprolactinaemia
Hypertension,I10,Essential (primary) hypertension
Hypertension,I11,Hypertensive heart disease
Hypertension,I12,Hypertensive renal disease
Hypertension,I13,Hypertensive heart and renal disease
Hypertension,I15,Secondary hypertension
Hypertrophic Cardiomyopathy,I42.1,Obstructive hypertrophic cardiomyopathy
Hypertrophic Cardiomyopathy,I42.2,Other hypertrophic cardiomyopathy
Hypertrophy of nasal turbinates,J34.3,Hypertrophy of nasal turbinates
Hyposplenism,D73.0,Hyposplenism
Hyposplenism,D73.5,Infarction of spleen
Immunodeficiencies,D80,Immunodeficiency with predominantly antibody defects
Immunodeficiencies,D81,Combined immunodeficiencies
Immunodeficiencies,D82,Immunodeficiency associated with other major defects
Immunodeficiencies,D83,Common variable immunodeficiency
Immunodeficiencies,D84.0,Lymphocyte function antigen-1 [LFA-1] defect
Immunodeficiencies,D84.8,Other specified immunodeficiencies
Immunodeficiencies,D84.9,Immunodeficiency
Infection of bones and joints,A18.0,Tuberculosis of bones and joints
Infection of bones and joints,A54.4,Gonococcal infection of musculoskeletal system
Infection of bones and joints,B45.3,Osseous cryptococcosis
Infection of bones and joints,B67.2,Echinococcus granulosus infection of bone
Infection of bones and joints,B90.2,Sequelae of tuberculosis of bones and joints
Infection of bones and joints,M00,Pyogenic arthritis
Infection of bones and joints,M01,Direct infections of joint in infectious and parasitic diseases classified elsewhere
Infection of bones and joints,M46.2,Osteomyelitis of vertebra
Infection of bones and joints,M46.3,Infection of intervertebral disc (pyogenic)
Infection of bones and joints,M46.4,Discitis
Infection of bones and joints,M46.5,Other infective spondylopathies
Infection of bones and joints,M49.0,Tuberculosis of spine
Infection of bones and joints,M49.1,Brucella spondylitis
Infection of bones and joints,M49.2,Enterobacterial spondylitis
Infection of bones and joints,M49.3,Spondylopathy in other infectious and parasitic diseases classified elsewhere
Infection of bones and joints,M86,Osteomyelitis
Infection of bones and joints,M90.0,Tuberculosis of bone
Infection of bones and joints,M90.1,Periostitis in other infectious diseases classified elsewhere
Infection of bones and joints,M90.2,Osteopathy in other infectious diseases classified elsewhere
Intervertebral disc disorders,M50,Cervical disc disorders
Intervertebral disc disorders,M51,Other intervertebral disc disorders
Intracerebral haemorrhage,I61,Intracerebral haemorrhage
Intracerebral haemorrhage,I69.1,Sequelae of intracerebral haemorrhage
Intracranial hypertension,G93.2,Benign intracranial hypertension
Iron deficiency anaemia,D50,Iron deficiency anaemia
Irritable bowel syndrome,K58,Irritable bowel syndrome
Juvenile arthritis,M08,Juvenile arthritis
Juvenile arthritis,M09,Juvenile arthritis in diseases classified elsewhere
Learning disability,F70,Mild mental retardation
Learning disability,F71,Moderate mental retardation
Learning disability,F72,Severe mental retardation
Learning disability,F73,Profound mental retardation
Learning disability,F78,Other mental retardation
Learning disability,F79,Unspecified mental retardation
Learning disability,F81.9,Developmental disorder of scholastic skills unspecified
Leukaemia,C91,Lymphoid leukaemia
Leukaemia,C92,Myeloid leukaemia
Leukaemia,C93,Monocytic leukaemia
Leukaemia,C94,Other leukaemias of specified cell type
Leukaemia,C95,Leukaemia of unspecified cell type
Lichen planus,L43,Lichen planus
Lichen planus,L66.1,Lichen planopilaris
Liver failure and transplant,B15.0,Hepatitis A with hepatic coma
Liver failure and transplant,B16.0,Acute hepatitis B with delta-agent (coinfection) with hepatic coma
Liver failure and transplant,B19.0,Unspecified viral hepatitis with hepatic coma
Liver failure and transplant,K70.4,Alcoholic hepatic failure
Liver failure and transplant,K71.1,Toxic liver disease with hepatic necrosis
Liver failure and transplant,K72,Hepatic failure not elsewhere classified
Liver failure and transplant,K76.2,Central haemorrhagic necrosis of liver
Liver failure and transplant,K76.3,Infarction of liver
Liver fibrosis sclerosis and cirrhosis,K70.1,Alcoholic hepatitis
Liver fibrosis sclerosis and cirrhosis,K70.2,Alcoholic fibrosis and sclerosis of liver
Liver fibrosis sclerosis and cirrhosis,K70.3,Alcoholic cirrhosis of liver
Liver fibrosis sclerosis and cirrhosis,K71.7,Toxic liver disease with fibrosis and cirrhosis of liver
Liver fibrosis sclerosis and cirrhosis,K74.0,Hepatic fibrosis
Liver fibrosis sclerosis and cirrhosis,K74.1,Hepatic sclerosis
Liver fibrosis sclerosis and cirrhosis,K74.2,Hepatic fibrosis with hepatic sclerosis
Liver fibrosis sclerosis and cirrhosis,K74.4,Secondary biliary cirrhosis
Liver fibrosis sclerosis and cirrhosis,K74.5,Biliary cirrhosis unspecified
Liver fibrosis sclerosis and cirrhosis,K74.6,Other and unspecified cirrhosis of liver
Lupus erythematosus (local and systemic),L93,Lupus erythematosus
Lupus erythematosus (local and systemic),M32,Systemic lupus erythematosus
Macular degeneration,H35.3,Degeneration of macula and posterior pole
Male infertility,N46,Male infertility
Meniere disease,H81.0,Meniere's disease
Menorrhagia and polymenorrhoea,N92.0,Excessive and frequent menstruation with regular cycle
Menorrhagia and polymenorrhoea,N92.1,Excessive and frequent menstruation with irregular cycle
Menorrhagia and polymenorrhoea,N92.2,Excessive menstruation at puberty
Menorrhagia and polymenorrhoea,N92.4,Excessive bleeding in the premenopausal period
Migraine,G43,Migraine
Motor neuron disease,G12.2,Motor neuron disease
Multiple myeloma and malignant plasma cell neoplasms,C88.0,Waldenstr√∂m macroglobulinaemia
Multiple myeloma and malignant plasma cell neoplasms,C88.2,Other heavy chain disease
Multiple myeloma and malignant plasma cell neoplasms,C90,Multiple myeloma and malignant plasma cell neoplasms
Multiple sclerosis,G35,Multiple sclerosis
Myasthenia gravis,G70.0,Myasthenia gravis
Myelodysplastic syndromes,D46,Myelodysplastic syndromes
Nasal polyp,J33,Nasal polyp
Neuromuscular dysfunction of bladder,N31,Neuromuscular dysfunction of bladder
Non-acute cystitis,N30.1,Interstitial cystitis (chronic)
Non-acute cystitis,N30.2,Other chronic cystitis
Non-alcoholic fatty liver disease and steatohepatitis,E63.0,Essential fatty acid [EFA] deficiency
Non-alcoholic fatty liver disease and steatohepatitis,E71,Disorders of branched-chain amino-acid metabolism and fatty-acid metabolism
Non-alcoholic fatty liver disease and steatohepatitis,E71.3,Disorders of fatty-acid metabolism
Non-alcoholic fatty liver disease and steatohepatitis,K70.0,Alcoholic fatty liver
Non-alcoholic fatty liver disease and steatohepatitis,K76.0,"Fatty (change of) liver, not elsewhere classified"
Non-diabetic peripheral neuropathies (excluding cranial nerves and carpal tunnel syndrome),G56.1,Other lesions of median nerve
Non-diabetic peripheral neuropathies (excluding cranial nerves and carpal tunnel syndrome),G56.2,Lesion of ulnar nerve
Non-diabetic peripheral neuropathies (excluding cranial nerves and carpal tunnel syndrome),G56.3,Lesion of radial nerve
Non-diabetic peripheral neuropathies (excluding cranial nerves and carpal tunnel syndrome),G56.4,Causalgia
Non-diabetic peripheral neuropathies (excluding cranial nerves and carpal tunnel syndrome),G56.8,Other mononeuropathies of upper limb
Non-diabetic peripheral neuropathies (excluding cranial nerves and carpal tunnel syndrome),G56.9,Mononeuropathy of upper limb unspecified
Non-diabetic peripheral neuropathies (excluding cranial nerves and carpal tunnel syndrome),G57,Mononeuropathies of lower limb
Non-diabetic peripheral neuropathies (excluding cranial nerves and carpal tunnel syndrome),G58,Other mononeuropathies
Non-diabetic peripheral neuropathies (excluding cranial nerves and carpal tunnel syndrome),G59,Mononeuropathy in diseases classified elsewhere
Non-diabetic peripheral neuropathies (excluding cranial nerves and carpal tunnel syndrome),G60,Hereditary and idiopathic neuropathy
Non-diabetic peripheral neuropathies (excluding cranial nerves and carpal tunnel syndrome),G61,Inflammatory polyneuropathy
Non-diabetic peripheral neuropathies (excluding cranial nerves and carpal tunnel syndrome),G62,Other polyneuropathies
Non-diabetic peripheral neuropathies (excluding cranial nerves and carpal tunnel syndrome),G63,Polyneuropathy in diseases classified elsewhere
Non-diabetic peripheral neuropathies (excluding cranial nerves and carpal tunnel syndrome),G64,Other disorders of peripheral nervous system
Non-diabetic peripheral neuropathies (excluding cranial nerves and carpal tunnel syndrome),M14.6,Neuropathic arthropathy
Non-diabetic peripheral neuropathies (excluding cranial nerves and carpal tunnel syndrome),M49.4,Neuropathic spondylopathy
Non-diabetic peripheral neuropathies (excluding cranial nerves and carpal tunnel syndrome),E85.1,Neuropathic heredofamilial amyloidosis
Non-Hodgkin Lymphoma,C82,Follicular lymphoma
Non-Hodgkin Lymphoma,C83,Non-follicular lymphoma
Non-Hodgkin Lymphoma,C84,Mature T/NK-cell lymphomas
Non-Hodgkin Lymphoma,C85,Other and unspecified types of non-Hodgkin lymphoma
Non-Hodgkin Lymphoma,C86,Other specified types of T/NK-cell lymphoma
"Non-malignant tumour of brain, central nervous system and pituitary",D32,Benign neoplasm of meninges
"Non-malignant tumour of brain, central nervous system and pituitary",D33,Benign neoplasm of brain and other parts of central nervous system
"Non-malignant tumour of brain, central nervous system and pituitary",D35.2,Benign neoplasm: Pituitary gland
"Non-malignant tumour of brain, central nervous system and pituitary",D35.3,Benign neoplasm: Craniopharyngeal duct
"Non-malignant tumour of brain, central nervous system and pituitary",D35.4,Benign neoplasm: Pineal gland
"Non-malignant tumour of brain, central nervous system and pituitary",D35.5,Benign neoplasm: Carotid body
"Non-malignant tumour of brain, central nervous system and pituitary",D35.6,Benign neoplasm: Aortic body and other paraganglia
Obesity,E66,Obesity
Obsessive-compulsive disorder,F42,Obsessive-compulsive disorder
Obstructive and reflux uropathy,N13.0,Hydronephrosis with ureteropelvic junction obstruction
Obstructive and reflux uropathy,N13.1,Hydronephrosis with ureteral stricture
Obstructive and reflux uropathy,N13.2,Hydronephrosis with renal and ureteral calculous obstruction
Obstructive and reflux uropathy,N13.3,Other and unspecified hydronephrosis
Obstructive and reflux uropathy,N13.4,Hydroureter
Obstructive and reflux uropathy,N13.5,Kinking and stricture of ureter without hydronephrosis
Obstructive and reflux uropathy,N13.6,Pyonephrosis
Obstructive and reflux uropathy,N13.7,Vesicoureteral-reflux-associated uropathy
Obstructive and reflux uropathy,N13.8,Other obstructive and reflux uropathy
Obstructive and reflux uropathy,N13.9,Obstructive and reflux uropathy
Oesophagitis and oesophageal ulcer,K20,Oesophagitis
Oesophagitis and oesophageal ulcer,K21.0,Gastro-oesophageal reflux disease with oesophagitis
Oesophagitis and oesophageal ulcer,K22.1,Ulcer of oesophagus
Osteoarthritis (excl spine),M15,Polyarthrosis
Osteoarthritis (excl spine),M16,Coxarthrosis [arthrosis of hip]
Osteoarthritis (excl spine),M17,Gonarthrosis [arthrosis of knee]
Osteoarthritis (excl spine),M18,Arthrosis of first carpometacarpal joint
Osteoarthritis (excl spine),M19,Other arthrosis
Osteoporosis,M80,Osteoporosis with pathological fracture
Osteoporosis,M81,Osteoporosis without pathological fracture
Osteoporosis,M82,Osteoporosis in diseases classified elsewhere
Other anaemias,D53,Other nutritional anaemias
Other anaemias,D62,Acute posthaemorrhagic anaemia
Other anaemias,D63,Anaemia in chronic diseases classified elsewhere
Other anaemias,D64,Other anaemias
Other anaemias,D56.3,Thalassaemia trait
Other haemolytic anaemias,D55,Anaemia due to enzyme disorders
Other haemolytic anaemias,D58,Other hereditary haemolytic anaemias
Other haemolytic anaemias,D59,Acquired haemolytic anaemia
Other interstitial pulmonary diseases with fibrosis,J84.1,Other interstitial pulmonary diseases with fibrosis
Other psychoactive substance misuse,F11,Mental and behavioural disorders due to use of opioids
Other psychoactive substance misuse,F12,Mental and behavioural disorders due to use of cannabinoids
Other psychoactive substance misuse,F13,Mental and behavioural disorders due to use of sedatives or hypnotics
Other psychoactive substance misuse,F14,Mental and behavioural disorders due to use of cocaine
Other psychoactive substance misuse,F15,Mental and behavioural disorders due to use of other stimulants
Other psychoactive substance misuse,F16,Mental and behavioural disorders due to use of hallucinogens
Other psychoactive substance misuse,F18,Mental and behavioural disorders due to use of volatile solvents
Other psychoactive substance misuse,F19,Mental and behavioural disorders due to multiple drug use and use of other psychoactive substances
Painful conditions,F45.4,Persistent somatoform pain disorder
Painful conditions,G50.1,Atypical facial pain
Painful conditions,G54.6,Phantom limb syndrome with pain
Painful conditions,G54.7,Phantom limb syndrome without pain
Painful conditions,H57.1,Ocular pain
Painful conditions,M25.5,Pain in joint
Painful conditions,M54.5,Low back pain
Painful conditions,M54.6,Pain in thoracic spine
Painful conditions,M79.6,Pain in limb
Painful conditions,N94,Pain and other conditions associated with female genital organs and menstrual cycle
Painful conditions,R07,Pain in throat and chest
Painful conditions,R07.0,Pain in throat
Painful conditions,R07.1,Chest pain on breathing
Painful conditions,R07.2,Precordial pain
Painful conditions,R07.3,Other chest pain
Painful conditions,R07.4,"Chest pain, unspecified"
Painful conditions,R10,Abdominal and pelvic pain
Painful conditions,R10.1,Pain localized to upper abdomen
Painful conditions,R10.2,Pelvic and perineal pain
Painful conditions,R10.3,Pain localized to other parts of lower abdomen
Painful conditions,R10.4,Other and unspecified abdominal pain
Painful conditions,R20.3,Hyperaesthesia
Painful conditions,R30,Pain associated with micturition
Painful conditions,R30.9,"Painful micturition, unspecified"
Painful conditions,R52,"Pain, not elsewhere classified"
Painful conditions,R52.0,Acute pain
Painful conditions,R52.1,Chronic intractable pain
Painful conditions,R52.2,Other chronic pain
Painful conditions,R52.9,"Pain, unspecified"
Painful conditions,T65.6,"Toxic effect: Paints and dyes, not elsewhere classified"
Pancreatitis,K85,Acute pancreatitis
Pancreatitis,K86.0,Alcohol-induced chronic pancreatitis
Pancreatitis,K86.1,Other chronic pancreatitis
Pancreatitis,K86.3,Pseudocyst of pancreas
Parkinson's disease,F02.3,Dementia in Parkinson's disease
Parkinson's disease,G20,Parkinson's disease
Peptic ulcer disease,K25,Gastric ulcer
Peptic ulcer disease,K26,Duodenal ulcer
Peptic ulcer disease,K27,Peptic ulcer
Peptic ulcer disease,K28,Gastrojejunal ulcer
Peripheral arterial disease,I731,Thromboangiitis obliterans [Buerger]
Peripheral arterial disease,I738,Other specified peripheral vascular diseases
Peripheral arterial disease,I739,Peripheral vascular disease
Peripheral arterial disease,I743,Embolism and thrombosis of arteries of lower extremities
Peripheral arterial disease,I744,Embolism and thrombosis of arteries of extremities
Peripheral arterial disease,I745,Embolism and thrombosis of iliac artery
Peripheral venous and lymphatic disease,I80.1,Phlebitis and thrombophlebitis of femoral vein
Peripheral venous and lymphatic disease,I81,Portal vein thrombosis
Peripheral venous and lymphatic disease,I82.3,Embolism and thrombosis of renal vein
Peripheral venous and lymphatic disease,I82.8,Embolism and thrombosis of other specified veins
Peripheral venous and lymphatic disease,I82.9,Embolism and thrombosis of unspecified vein
Peripheral venous and lymphatic disease,I83,Varicose veins of lower extremities
Peripheral venous and lymphatic disease,I83.0,Varicose veins of lower extremities with ulcer
Peripheral venous and lymphatic disease,I83.1,Varicose veins of lower extremities with inflammation
Peripheral venous and lymphatic disease,I83.2,Varicose veins of lower extremities with both ulcer and inflammation
Peripheral venous and lymphatic disease,I83.9,Varicose veins of lower extremities without ulcer or inflammation
Peripheral venous and lymphatic disease,I86,Varicose veins of other sites
Peripheral venous and lymphatic disease,I86.8,Varicose veins of other specified sites
Peripheral venous and lymphatic disease,I87,Other disorders of veins
Peripheral venous and lymphatic disease,I87.1,Compression of vein
Peripheral venous and lymphatic disease,I87.8,Other specified disorders of veins
Peripheral venous and lymphatic disease,I87.9,"Disorder of vein, unspecified"
Peripheral venous and lymphatic disease,I89,Other noninfective disorders of lymphatic vessels and lymph nodes
Peripheral venous and lymphatic disease,I89.8,Other specified noninfective disorders of lymphatic vessels and lymph nodes
Peripheral venous and lymphatic disease,I89.9,"Noninfective disorder of lymphatic vessels and lymph nodes, unspecified"
Peripheral venous and lymphatic disease,K75.1,Phlebitis of portal vein
Peripheral venous and lymphatic disease,O22.0,Varicose veins of lower extremity in pregnancy
Peripheral venous and lymphatic disease,Q26,Congenital malformations of great veins
Peripheral venous and lymphatic disease,Q26.6,Portal vein-hepatic artery fistula
Peripheral venous and lymphatic disease,Q26.8,Other congenital malformations of great veins
Peripheral venous and lymphatic disease,Q26.9,"Congenital malformation of great vein, unspecified"
Peripheral venous and lymphatic disease,S15.2,Injury of external jugular vein
Peripheral venous and lymphatic disease,S15.3,Injury of internal jugular vein
Peripheral venous and lymphatic disease,S25.3,Injury of innominate or subclavian vein
Peripheral venous and lymphatic disease,S35.3,Injury of portal or splenic vein
Peripheral venous and lymphatic disease,S45.2,Injury of axillary or brachial vein
Peripheral venous and lymphatic disease,S45.3,Injury of superficial vein at shoulder and upper arm level
Peripheral venous and lymphatic disease,S55.2,Injury of vein at forearm level
Peripheral venous and lymphatic disease,S75.1,Injury of femoral vein at hip and thigh level
Peripheral venous and lymphatic disease,S75.2,Injury of greater saphenous vein at hip and thigh level
Peripheral venous and lymphatic disease,S85.3,Injury of greater saphenous vein at lower leg level
Peripheral venous and lymphatic disease,S85.4,Injury of lesser saphenous vein at lower leg level
Peripheral venous and lymphatic disease,S85.5,Injury of popliteal vein
Peripheral venous and lymphatic disease,S95.2,Injury of dorsal vein of foot
Peripheral venous and lymphatic disease,T46.8,"Poisoning: Antivaricose drugs, including sclerosing agents"
Peripheral venous and lymphatic disease,Y52.8,"Antivaricose drugs, including sclerosing agents"
Peripheral venous and lymphatic disease,I78.0,Hereditary haemorrhagic telangiectasia
Peripheral venous and lymphatic disease,I97.2,Postmastectomy lymphoedema syndrome
Peripheral venous and lymphatic disease,Q82.0,Hereditary lymphoedema
Personality disorder,F60,Specific personality disorders
Personality disorder,F61,Mixed and other personality disorders
Polycystic ovarian syndrome,E28.2,Polycystic ovarian syndrome
Polycythaemia vera,D45,Polycythaemia vera
Polymyalgia Rheumatica,M31.5,Giant cell arteritis with polymyalgia rheumatica
Polymyalgia Rheumatica,M35.3,Polymyalgia rheumatica
Portal hypertension and oesophageal varices,I85,Oesophageal varices
Portal hypertension and oesophageal varices,I98.2,Oesophageal varices without bleeding in diseases classified elsewhere
Portal hypertension and oesophageal varices,I98.3,Oesophageal varices with bleeding in diseases classified elsewhere
Portal hypertension and oesophageal varices,K76.6,Portal hypertension
Post-traumatic stress and stress-related disorders,F43,"Reaction to severe stress, and adjustment disorders"
Post-traumatic stress and stress-related disorders,F43.0,Acute stress reaction
Post-traumatic stress and stress-related disorders,F43.1,Post-traumatic stress disorder
Post-traumatic stress and stress-related disorders,F43.2,Adjustment disorders
Post-traumatic stress and stress-related disorders,F43.8,Other reactions to severe stress
Post-traumatic stress and stress-related disorders,F43.9,"Reaction to severe stress, unspecified"
Post-traumatic stress and stress-related disorders,N39.3,Stress incontinence
Post-traumatic stress and stress-related disorders,R45.7,"State of emotional shock and stress, unspecified"
Post-traumatic stress and stress-related disorders,R46.6,Undue concern and preoccupation with stressful events
Post-traumatic stress and stress-related disorders,Z56.3,Stressful work schedule
Post-traumatic stress and stress-related disorders,Z63.7,Other stressful life events affecting family and household
Post-traumatic stress and stress-related disorders,Z73.3,"Stress, not elsewhere classified"
Primary malignancy biliary tract,C22.1,Malignant neoplasm: Intrahepatic bile duct carcinoma
Primary malignancy biliary tract,C24,Malignant neoplasm of other and unspecified parts of biliary tract
Primary malignancy bladder,C67,Malignant neoplasm of bladder
Primary malignancy bone and articular cartilage,C40,Malignant neoplasm of bone and articular cartilage of limbs
Primary malignancy bone and articular cartilage,C41,Malignant neoplasm of bone and articular cartilage of other and unspecified sites
Primary malignancy brain other CNS and intracranial,C70,Malignant neoplasm of meninges
Primary malignancy brain other CNS and intracranial,C71,Malignant neoplasm of brain
Primary malignancy brain other CNS and intracranial,C72,Malignant neoplasm of spinal cord cranial nerves and other parts of central nervous system
Primary malignancy brain other CNS and intracranial,C75.1,Malignant neoplasm: Pituitary gland
Primary malignancy brain other CNS and intracranial,C75.2,Malignant neoplasm: Craniopharyngeal duct
Primary malignancy brain other CNS and intracranial,C75.3,Malignant neoplasm: Pineal gland
Primary malignancy brain other CNS and intracranial,C75.4,Malignant neoplasm: Carotid body
Primary malignancy brain other CNS and intracranial,C75.5,Malignant neoplasm: Aortic body and other paraganglia
Primary malignancy breast,C50,Malignant neoplasm of breast
Primary malignancy breast,D05,Carcinoma in situ of breast
Primary malignancy cervical,C53,Malignant neoplasm of cervix uteri
Primary malignancy colorectal and anus,C18,Malignant neoplasm of colon
Primary malignancy colorectal and anus,C19,Malignant neoplasm of rectosigmoid junction
Primary malignancy colorectal and anus,C20,Malignant neoplasm of rectum
Primary malignancy colorectal and anus,C21,Malignant neoplasm of anus and anal canal
Primary malignancy kidney and ureter,C64,Malignant neoplasm of kidney except renal pelvis
Primary malignancy kidney and ureter,C65,Malignant neoplasm of renal pelvis
Primary malignancy kidney and ureter,C66,Malignant neoplasm of ureter
Primary malignancy liver,C22.0,Malignant neoplasm: Liver cell carcinoma
Primary malignancy liver,C22.2,Malignant neoplasm: Hepatoblastoma
Primary malignancy liver,C22.3,Malignant neoplasm: Angiosarcoma of liver
Primary malignancy liver,C22.4,Malignant neoplasm: Other sarcomas of liver
Primary malignancy liver,C22.7,Malignant neoplasm: Other specified carcinomas of liver
Primary malignancy liver,C22.9,Malignant neoplasm: Liver unspecified
Primary malignancy lung and trachea,C33,Malignant neoplasm of trachea
Primary malignancy lung and trachea,C34,Malignant neoplasm of bronchus and lung
Primary malignancy malignant melanoma,C43,Malignant melanoma of skin
Primary malignancy mesothelioma,C45,Mesothelioma
Primary malignancy oesophageal,C15,Malignant neoplasm of oesophagus
Primary malignancy ovarian,C56,Malignant neoplasm of ovary
Primary malignancy pancreatic,C25,Malignant neoplasm of pancreas
Primary malignancy prostate,C61,Malignant neoplasm of prostate
Primary malignancy stomach,C16,Malignant neoplasm of stomach
Primary malignancy testicular,C62,Malignant neoplasm of testis
Primary malignancy thyroid,C73,Malignant neoplasm of thyroid gland
Primary malignancy uterine,C54,Malignant neoplasm of corpus uteri
Primary malignancy uterine,C55,Malignant neoplasm of uterus part unspecified
Primary Malignancy_Oro-pharyngeal,C00,Malignant neoplasm of lip
Primary Malignancy_Oro-pharyngeal,C01,Malignant neoplasm of base of tongue
Primary Malignancy_Oro-pharyngeal,C02,Malignant neoplasm of other and unspecified parts of tongue
Primary Malignancy_Oro-pharyngeal,C03,Malignant neoplasm of gum
Primary Malignancy_Oro-pharyngeal,C04,Malignant neoplasm of floor of mouth
Primary Malignancy_Oro-pharyngeal,C05,Malignant neoplasm of palate
Primary Malignancy_Oro-pharyngeal,C06,Malignant neoplasm of other and unspecified parts of mouth
Primary Malignancy_Oro-pharyngeal,C07,Malignant neoplasm of parotid gland
Primary Malignancy_Oro-pharyngeal,C08,Malignant neoplasm of other and unspecified major salivary glands
Primary Malignancy_Oro-pharyngeal,C09,Malignant neoplasm of tonsil
Primary Malignancy_Oro-pharyngeal,C10,Malignant neoplasm of oropharynx
Primary Malignancy_Oro-pharyngeal,C11,Malignant neoplasm of nasopharynx
Primary Malignancy_Oro-pharyngeal,C12,Malignant neoplasm of piriform sinus
Primary Malignancy_Oro-pharyngeal,C13,Malignant neoplasm of hypopharynx
Primary Malignancy_Oro-pharyngeal,C14,Malignant neoplasm of other and ill-defined sites in the lip oral cavity and pharynx
Primary Malignancy_Other,C97,Malignant neoplasms of independent (primary) multiple sites
Primary Malignancy_Other,C17,Malignant neoplasm of small intestine
Primary Malignancy_Other,C23,Malignant neoplasm of gallbladder
Primary Malignancy_Other,C26.0,Malignant neoplasm: Intestinal tract
Primary Malignancy_Other,C26.1,Malignant neoplasm: Spleen
Primary Malignancy_Other,C26.8,Malignant neoplasm: Overlapping lesion of digestive system
Primary Malignancy_Other,C26.9,Malignant neoplasm: Ill-defined sites within the digestive system
Primary Malignancy_Other,C30.0,Malignant neoplasm: Nasal cavity
Primary Malignancy_Other,C30.1,Malignant neoplasm: Middle ear
Primary Malignancy_Other,C31,Malignant neoplasm of accessory sinuses
Primary Malignancy_Other,C32,Malignant neoplasm of larynx
Primary Malignancy_Other,C37,Malignant neoplasm of thymus
Primary Malignancy_Other,C38.0,Malignant neoplasm: Heart
Primary Malignancy_Other,C38.1,Malignant neoplasm: Anterior mediastinum
Primary Malignancy_Other,C38.2,Malignant neoplasm: Posterior mediastinum
Primary Malignancy_Other,C38.3,Malignant neoplasm: Mediastinum
Primary Malignancy_Other,C38.4,Malignant neoplasm: Pleura
Primary Malignancy_Other,C38.8,Overlapping lesion of heart
Primary Malignancy_Other,C39.0,Malignant neoplasm: Upper respiratory tract
Primary Malignancy_Other,C39.8,Malignant neoplasm: Overlapping lesion of respiratory and intrathoracic organs
Primary Malignancy_Other,C39.9,Malignant neoplasm: Ill-defined sites within the respiratory system
Primary Malignancy_Other,C46,Kaposi sarcoma
Primary Malignancy_Other,C47,Malignant neoplasm of peripheral nerves and autonomic nervous system
Primary Malignancy_Other,C48,Malignant neoplasm of retroperitoneum and peritoneum
Primary Malignancy_Other,C49,Malignant neoplasm of other connective and soft tissue
Primary Malignancy_Other,C51,Malignant neoplasm of vulva
Primary Malignancy_Other,C52,Malignant neoplasm of vagina
Primary Malignancy_Other,C57,Malignant neoplasm of other and unspecified female genital organs
Primary Malignancy_Other,C58,Malignant neoplasm of placenta
Primary Malignancy_Other,C60,Malignant neoplasm of penis
Primary Malignancy_Other,C63,Malignant neoplasm of other and unspecified male genital organs
Primary Malignancy_Other,C68,Malignant neoplasm of other and unspecified urinary organs
Primary Malignancy_Other,C69,Malignant neoplasm of eye and adnexa
Primary Malignancy_Other,C74,Malignant neoplasm of adrenal gland
Primary Malignancy_Other,C75.0,Malignant neoplasm: Parathyroid gland
Primary Malignancy_Other,C75.8,Malignant neoplasm: Pluriglandular involvement
Primary Malignancy_Other,C75.9,Malignant neoplasm: Endocrine gland
Primary Malignancy_Other,C76,Malignant neoplasm of other and ill-defined sites
Primary Malignancy_Other,C80,Malignant neoplasm without specification of site
Primary Malignancy_Other,C88.3,Immunoproliferative small intestinal disease
Primary Malignancy_Other,C88.4,Extranodal marginal zone B-cell lymphoma of mucosa-associated lymphoid tissue [MALT-lymphoma]
Primary Malignancy_Other,C88.7,Other malignant immunoproliferative diseases
Primary Malignancy_Other,C88.9,Malignant immunoproliferative disease
Primary Malignancy_Other,C96,Other and unspecified malignant neoplasms of lymphoid
Primary Malignancy_Other Skin and subcutaneous tissue,C44,Other malignant neoplasms of skin
Psoriasis,L40,Psoriasis
Psoriasis,M07.0,Distal interphalangeal psoriatic arthropathy
Psoriasis,M07.1,Arthritis mutilans
Psoriasis,M07.2,Psoriatic spondylitis
Psoriasis,M07.3,Other psoriatic arthropathies
Psoriasis,M09.0,Juvenile arthritis in psoriasis
Psoriatic arthropathy,M07.0,Distal interphalangeal psoriatic arthropathy
Psoriatic arthropathy,M07.1,Arthritis mutilans
Psoriatic arthropathy,M07.2,Psoriatic spondylitis
Psoriatic arthropathy,M07.3,Other psoriatic arthropathies
Psoriatic arthropathy,L40.5,Arthropathic psoriasis
Ptosis of eyelid,H02.4,Ptosis of eyelid
Pulmonary hypertension,I27.0,Primary pulmonary hypertension
Pulmonary hypertension,I27.2,Other secondary pulmonary hypertension
Respiratory failure,J96,Respiratory failure
Retinal detachments and breaks,H33.0,Retinal detachment with retinal break
Retinal detachments and breaks,H33.3,Retinal breaks without detachment
Retinal detachments and breaks,H33.4,Traction detachment of retina
Retinal detachments and breaks,H33.5,Other retinal detachments
Retinal vascular occlusions,H34,Retinal vascular occlusions
Rheumatic valve dz,I05,Rheumatic mitral valve diseases
Rheumatic valve dz,I06,Rheumatic aortic valve diseases
Rheumatic valve dz,I07,Rheumatic tricuspid valve diseases
Rheumatoid Arthritis,J99.0,Rheumatoid lung disease
Rheumatoid Arthritis,M05,Seropositive rheumatoid arthritis
Rheumatoid Arthritis,M06,Other rheumatoid arthritis
Rosacea,L71.1,Rhinophyma
Rosacea,L71.8,Other rosacea
Rosacea,L71.9,Rosacea
Sarcoidosis,D86,Sarcoidosis
Sarcoidosis,G53.2,Multiple cranial nerve palsies in sarcoidosis
Sarcoidosis,M63.3,Myositis in sarcoidosis
SARS-CoV-2,U07.1,"COVID-19, virus identified"
SARS-CoV-2,U08,Personal history of COVID-19
SARS-CoV-2,U08.9,"Personal history of COVID-19, unspecified"
SARS-CoV-2,U09,Post COVID-19 condition
SARS-CoV-2,U09.9,"Post COVID-19 condition, unspecified"
SARS-CoV-2,U10,Multisystem inflammatory syndrome associated with COVID-19
SARS-CoV-2,U10.9,"Multisystem inflammatory syndrome associated with COVID-19, unspecified"
SARS-CoV-2,U11,Need for immunization against COVID-19
SARS-CoV-2,U11.9,"Need for immunization against COVD-19, unspecified"
SARS-CoV-2,U12,COVID-19 vaccines causing adverse effects in therapeutic use
SARS-CoV-2,U12.9,"COVID-19 vaccines causing adverse effects in therapeutic use, unspecified"
Schizophrenia and non-organic psychosis,F20,Schizophrenia
Schizophrenia and non-organic psychosis,F21,Schizotypal disorder
Schizophrenia and non-organic psychosis,F22,Persistent delusional disorders
Schizophrenia and non-organic psychosis,F25,Schizoaffective disorders
Schizophrenia and non-organic psychosis,F28,Other nonorganic psychotic disorders
Schizophrenia and non-organic psychosis,F29,Unspecified nonorganic psychosis
Scoliosis,M41,Scoliosis
Seborrheic dermatitis,L21,Seborrhoeic dermatitis
Secondary malignancy and metastasis,C79.7,Secondary malignant neoplasm of adrenal gland
Secondary malignancy and metastasis,C79.5,Secondary malignant neoplasm of bone and bone marrow
Secondary malignancy and metastasis,C78.4,Secondary malignant neoplasm of small intestine
Secondary malignancy and metastasis,C78.5,Secondary malignant neoplasm of large intestine and rectum
Secondary malignancy and metastasis,C79.3,Secondary malignant neoplasm of brain and cerebral meninges
Secondary malignancy and metastasis,C79.4,Secondary malignant neoplasm of other and unspecified parts of nervous system
Secondary malignancy and metastasis,C78.7,Secondary malignant neoplasm of liver and intrahepatic bile duct
Secondary malignancy and metastasis,C78.0,Secondary malignant neoplasm of lung
Secondary malignancy and metastasis,C77,Secondary and unspecified malignant neoplasm of lymph nodes
Secondary malignancy and metastasis,C78.1,Secondary malignant neoplasm of mediastinum
Secondary malignancy and metastasis,C78.3,Secondary malignant neoplasm of other and unspecified respiratory organs
Secondary malignancy and metastasis,C78.8,Secondary malignant neoplasm of other and unspecified digestive organs
Secondary malignancy and metastasis,C79.0,Secondary malignant neoplasm of kidney and renal pelvis
Secondary malignancy and metastasis,C79.1,Secondary malignant neoplasm of bladder and other and unspecified urinary organs
Secondary malignancy and metastasis,C79.2,Secondary malignant neoplasm of skin
Secondary malignancy and metastasis,C79.6,Secondary malignant neoplasm of ovary
Secondary malignancy and metastasis,C79.8,Secondary malignant neoplasm of other specified sites
Secondary malignancy and metastasis,C79.9,Secondary malignant neoplasm
Secondary malignancy and metastasis,C78.2,Secondary malignant neoplasm of pleura
Secondary malignancy and metastasis,C78.6,Secondary malignant neoplasm of retroperitoneum and peritoneum
Secondary polycythaemia,D75.1,Secondary polycythaemia
Sick sinus syndrome,I49.5,Sick sinus syndrome
Sickle-cell anaemia,D57.0,Sickle-cell anaemia with crisis
Sickle-cell anaemia,D57.1,Sickle-cell anaemia without crisis
Sickle-cell anaemia,D57.2,Double heterozygous sickling disorders
Sickle-cell anaemia,D57.8,Other sickle-cell disorders
Sjogren's disease,M35.0,Sicca syndrome [Sj√∂gren]
Sleep apnoea,G47.3,Sleep apnoea
Somatoform and dissociative disorders,F06.5,Organic dissociative disorder
Somatoform and dissociative disorders,F44,Dissociative [conversion] disorders
Somatoform and dissociative disorders,F44.0,Dissociative amnesia
Somatoform and dissociative disorders,F44.1,Dissociative fugue
Somatoform and dissociative disorders,F44.2,Dissociative stupor
Somatoform and dissociative disorders,F44.4,Dissociative motor disorders
Somatoform and dissociative disorders,F44.5,Dissociative convulsions
Somatoform and dissociative disorders,F44.6,Dissociative anaesthesia and sensory loss
Somatoform and dissociative disorders,F44.7,Mixed dissociative [conversion] disorders
Somatoform and dissociative disorders,F44.8,Other dissociative [conversion] disorders
Somatoform and dissociative disorders,F44.9,"Dissociative [conversion] disorder, unspecified"
Somatoform and dissociative disorders,F45,Somatoform disorders
Somatoform and dissociative disorders,F45.0,Somatization disorder
Somatoform and dissociative disorders,F45.1,Undifferentiated somatoform disorder
Somatoform and dissociative disorders,F45.2,Hypochondriacal disorder
Somatoform and dissociative disorders,F45.3,Somatoform autonomic dysfunction
Somatoform and dissociative disorders,F45.4,Persistent somatoform pain disorder
Somatoform and dissociative disorders,F45.8,Other somatoform disorders
Somatoform and dissociative disorders,F45.9,"Somatoform disorder, unspecified"
Somatoform and dissociative disorders,F48.0,Neurasthenia
Somatoform and dissociative disorders,F68.1,"Intentional production or feigning of symptoms or disabilities, either physical or psychological [factitious disorder]"
Somatoform and dissociative disorders,M99.0,Segmental and somatic dysfunction
Somatoform and dissociative disorders,F40,Phobic anxiety disorders
Somatoform and dissociative disorders,F41,Other anxiety disorders
Somatoform and dissociative disorders,F42,Obsessive-compulsive disorder
Somatoform and dissociative disorders,F48,Other neurotic disorders
Spina bifida,Q05,Spina bifida
Spina bifida,Q76.0,Spina bifida occulta
Spinal stenosis,M48.0,Spinal stenosis
Spondylolisthesis,M43.1,Spondylolisthesis
Spondylosis,M47.1,Other spondylosis with myelopathy
Spondylosis,M47.2,Other spondylosis with radiculopathy
Spondylosis,M47.8,Other spondylosis
Spondylosis,M47.9,Spondylosis
Subarachnoid haemorrhage,I60,Subarachnoid haemorrhage
Subarachnoid haemorrhage,I69.0,Sequelae of subarachnoid haemorrhage
Subdural haematoma,I62.0,Subdural haemorrhage (acute)(nontraumatic)
Supraventricular tachycardia,I47.1,Supraventricular tachycardia
Systemic sclerosis,M34,Systemic sclerosis
Thalassaemia,D56.0,Alpha thalassaemia
Thalassaemia,D56.1,Beta thalassaemia
Thalassaemia,D56.2,Delta-beta thalassaemia
Thalassaemia,D56.8,Other thalassaemias
Thalassaemia,D56.9,Thalassaemia
Thrombocytopenia - primary secondary and other,D69.3,Idiopathic thrombocytopenic purpura
Thrombocytopenia - primary secondary and other,D69.4,Other primary thrombocytopenia
Thrombocytopenia - primary secondary and other,D69.5,Secondary thrombocytopenia
Thrombocytopenia - primary secondary and other,D69.6,Thrombocytopenia
Thrombocytopenia - primary secondary and other,D82.0,Wiskott-Aldrich syndrome
Thrombocytopenia - primary secondary and other,M31.1,Thrombotic microangiopathy
Thrombophilia,D68.5,Primary Thrombophilia
Thrombophilia,D68.6,Other Thrombophilia
Thyroid disease,E03.5,Myxoedema coma
Thyroid disease,E03.8,Other specified hypothyroidism
Thyroid disease,E03.9,Hypothyroidism unspecified
Thyroid disease,E05.0,Thyrotoxicosis with diffuse goitre
Thyroid disease,E05.1,Thyrotoxicosis with toxic single thyroid nodule
Thyroid disease,E05.2,Thyrotoxicosis with toxic multinodular goitre
Thyroid disease,E05.5,Thyroid crisis or storm
Thyroid disease,E05.8,Other thyrotoxicosis
Thyroid disease,E05.9,Thyrotoxicosis unspecified
Thyroid disease,E06.2,Chronic thyroiditis with transient thyrotoxicosis
Thyroid disease,E06.3,Autoimmune thyroiditis
Thyroid disease,E06.5,Other chronic thyroiditis
Thyroid disease,E06.9,Thyroiditis unspecified
Thyroid disease,H06.2,Dysthyroid exophthalmos
Tinnitus,H93.1,Tinnitus
Trigeminal neuralgia,G50.0,Trigeminal neuralgia
Tuberculosis,A15,Respiratory tuberculosis
Tuberculosis,A16,Respiratory tuberculosis
Tuberculosis,A17,Tuberculosis of nervous system
Tuberculosis,A18,Tuberculosis of other organs
Tuberculosis,A19,Miliary tuberculosis
Tuberculosis,B20.0,HIV disease resulting in mycobacterial infection
Tuberculosis,B90,Sequelae of tuberculosis
Tuberculosis,J65,Pneumoconiosis associated with tuberculosis
Tuberculosis,K23.0,Tuberculous oesophagitis
Tuberculosis,K67.3,Tuberculous peritonitis
Tuberculosis,K93.0,Tuberculous disorders of intestines
Tuberculosis,M01.1,Tuberculous arthritis
Tuberculosis,M49.0,Tuberculosis of spine
Tuberculosis,M90.0,Tuberculosis of bone
Tuberculosis,N33.0,Tuberculous cystitis
Tuberculosis,N74.0,Tuberculous infection of cervix uteri
Tuberculosis,N74.1,Female tuberculous pelvic inflammatory disease
Tuberculosis,P37.0,Congenital tuberculosis
Ulcerative colitis,K51,Ulcerative colitis
Urinary Incontinence,N39.3,Stress incontinence
Urinary Incontinence,N39.4,Other specified urinary incontinence
Urolithiasis,N13.2,Hydronephrosis with renal and ureteral calculous obstruction
Urolithiasis,N20.0,Calculus of kidney
Urolithiasis,N20.1,Calculus of ureter
Urolithiasis,N20.2,Calculus of kidney with calculus of ureter
Urolithiasis,N20.9,Urinary calculus
Urolithiasis,N21.0,Calculus in bladder
Urolithiasis,N21.1,Calculus in urethra
Urolithiasis,N21.8,Other lower urinary tract calculus
Urolithiasis,N21.9,Calculus of lower urinary tract
Urolithiasis,N22.8,Calculus of urinary tract in other diseases classified elsewhere
Urolithiasis,N23.X,Unspecified renal colic
Urticaria,L50,Urticaria
Venous thromboembolism,I80.1,Phlebitis and thrombophlebitis of femoral vein
Venous thromboembolism,I80.2,Phlebitis and thrombophlebitis of other deep vessels of lower extremities
Venous thromboembolism,I63.6,Cerebral infarction due to cerebral venous thrombosis nonpyogenic
Venous thromboembolism,I67.6,Nonpyogenic thrombosis of intracranial venous system
Venous thromboembolism,I81,Portal vein thrombosis
Venous thromboembolism,I82.0,Budd-Chiari syndrome
Venous thromboembolism,I82.2,Embolism and thrombosis of vena cava
Venous thromboembolism,I82.3,Embolism and thrombosis of renal vein
Visual impairment and blindness,H54,Visual impairment including blindness (binocular or monocular)
Vitamin B12 deficiency anaemia,D51,Vitamin B12 deficiency anaemia
Vitiligo,L80,Vitiligo
